datetime,open,high,low,close,volume
2026-02-06T20:00:00+00:00,202.54999999999995,204.20999999999995,202.28999999999994,204.10999999999993,3281
2026-02-06T20:30:00+00:00,204.10999999999993,205.52999999999994,203.83999999999995,204.58999999999995,4968
2026-02-09T14:30:00+00:00,204.58999999999995,210.09999999999994,200.42999999999995,209.41999999999993,7599
2026-02-09T15:00:00+00:00,209.41999999999993,211.43999999999994,208.35999999999993,208.47999999999993,6315
2026-02-09T15:30:00+00:00,208.47999999999993,212.12999999999994,208.47999999999993,211.58999999999995,4424
2026-02-09T16:00:00+00:00,211.58999999999995,212.28999999999994,211.06999999999994,211.60999999999993,3412
2026-02-09T16:30:00+00:00,211.60999999999993,212.99999999999994,211.42999999999995,212.20999999999995,3153
2026-02-09T17:00:00+00:00,212.20999999999995,212.96999999999994,212.01999999999995,212.18999999999994,2633
2026-02-09T17:30:00+00:00,212.18999999999994,212.59999999999994,211.51999999999995,211.83999999999995,2356
2026-02-09T18:00:00+00:00,211.83999999999995,212.53999999999994,210.57999999999993,211.39999999999995,3192
2026-02-09T18:30:00+00:00,211.39999999999995,213.14999999999995,211.26999999999995,212.76999999999995,2733
2026-02-09T19:00:00+00:00,212.76999999999995,213.66999999999993,212.68999999999994,213.54999999999995,2486
2026-02-09T19:30:00+00:00,213.54999999999995,213.85999999999993,213.01999999999995,213.04999999999995,2278
2026-02-09T20:00:00+00:00,213.04999999999995,213.06999999999994,212.02999999999994,212.48999999999995,2429
2026-02-09T20:30:00+00:00,212.48999999999995,212.71999999999994,211.83999999999995,212.08999999999995,4098
2026-02-10T14:30:00+00:00,212.08999999999995,215.58999999999995,210.51999999999995,211.94999999999993,6996
2026-02-10T15:00:00+00:00,211.94999999999993,213.17999999999995,211.16999999999993,211.83999999999995,4582
2026-02-10T15:30:00+00:00,211.83999999999995,213.39999999999995,211.28999999999994,212.97999999999993,4238
2026-02-10T16:00:00+00:00,212.97999999999993,214.02999999999994,212.28999999999994,213.06999999999994,4324
2026-02-10T16:30:00+00:00,213.06999999999994,213.50999999999993,212.28999999999994,212.40999999999994,3331
2026-02-10T17:00:00+00:00,212.40999999999994,212.57999999999993,211.41999999999993,211.67999999999995,2238
2026-02-10T17:30:00+00:00,211.67999999999995,212.42999999999995,211.41999999999993,212.21999999999994,1914
2026-02-10T18:00:00+00:00,212.21999999999994,212.38999999999993,210.87999999999994,210.95999999999995,2875
2026-02-10T18:30:00+00:00,210.95999999999995,211.81999999999994,210.36999999999995,211.59999999999994,2406
2026-02-10T19:00:00+00:00,211.59999999999994,211.82999999999993,211.16999999999993,211.56999999999994,2017
2026-02-10T19:30:00+00:00,211.56999999999994,211.84999999999994,211.01999999999995,211.39999999999995,1885
2026-02-10T20:00:00+00:00,211.39999999999995,211.39999999999995,209.81999999999994,209.89999999999995,2086
2026-02-10T20:30:00+00:00,209.89999999999995,210.34999999999994,209.40999999999994,209.94999999999993,3481
2026-02-11T14:30:00+00:00,209.94999999999993,215.84999999999994,209.94999999999993,211.88999999999993,9092
2026-02-11T15:00:00+00:00,211.88999999999993,212.11999999999995,205.41999999999993,206.01999999999995,8288
2026-02-11T15:30:00+00:00,206.01999999999995,211.01999999999995,205.85999999999993,210.53999999999994,8639
2026-02-11T16:00:00+00:00,210.53999999999994,210.96999999999994,208.76999999999995,208.79999999999995,6740
2026-02-11T16:30:00+00:00,208.79999999999995,209.54999999999995,207.37999999999994,207.51999999999995,4832
2026-02-11T17:00:00+00:00,207.51999999999995,207.96999999999994,206.02999999999994,207.57999999999993,4744
2026-02-11T17:30:00+00:00,207.57999999999993,208.71999999999994,207.37999999999994,207.53999999999994,3531
2026-02-11T18:00:00+00:00,207.53999999999994,207.69999999999993,206.42999999999995,207.30999999999995,3614
2026-02-11T18:30:00+00:00,207.30999999999995,207.83999999999995,206.77999999999994,207.37999999999994,3037
2026-02-11T19:00:00+00:00,207.37999999999994,210.10999999999993,207.14999999999995,209.82999999999993,3273
2026-02-11T19:30:00+00:00,209.82999999999993,210.47999999999993,209.04999999999995,209.06999999999994,3122
2026-02-11T20:00:00+00:00,209.06999999999994,209.61999999999995,208.76999999999995,208.77999999999994,2508
2026-02-11T20:30:00+00:00,208.77999999999994,210.45999999999995,208.71999999999994,209.63999999999993,4211
2026-02-12T14:30:00+00:00,209.63999999999993,214.65999999999994,207.93999999999994,208.50999999999993,7250
2026-02-12T15:00:00+00:00,208.50999999999993,210.72999999999993,207.89999999999995,210.10999999999993,5256
2026-02-12T15:30:00+00:00,210.10999999999993,210.35999999999993,206.34999999999994,206.41999999999993,5663
2026-02-12T16:00:00+00:00,206.41999999999993,207.02999999999994,202.41999999999993,202.44999999999993,6553
2026-02-12T16:30:00+00:00,202.44999999999993,204.90999999999994,202.12999999999994,204.09999999999994,8231
2026-02-12T17:00:00+00:00,204.09999999999994,205.18999999999994,203.02999999999994,203.67999999999995,5772
2026-02-12T17:30:00+00:00,203.67999999999995,205.54999999999995,203.49999999999994,203.76999999999995,4423
2026-02-12T18:00:00+00:00,203.76999999999995,204.53999999999994,202.96999999999994,203.65999999999994,4866
2026-02-12T18:30:00+00:00,203.65999999999994,204.72999999999993,203.33999999999995,203.45999999999995,4324
2026-02-12T19:00:00+00:00,203.45999999999995,204.17999999999995,202.71999999999994,202.91999999999993,3922
2026-02-12T19:30:00+00:00,202.91999999999993,204.11999999999995,202.45999999999995,202.66999999999993,4135
2026-02-12T20:00:00+00:00,202.66999999999993,202.91999999999993,201.59999999999994,201.73999999999995,4060
2026-02-12T20:30:00+00:00,201.73999999999995,203.46999999999994,201.39999999999995,202.18999999999994,5212
2026-02-13T14:30:00+00:00,202.18999999999994,206.18999999999994,200.22999999999993,202.56999999999994,9315
2026-02-13T15:00:00+00:00,202.56999999999994,204.74999999999994,201.96999999999994,204.15999999999994,9022
2026-02-13T15:30:00+00:00,204.15999999999994,205.43999999999994,200.30999999999995,201.99999999999994,8151
2026-02-13T16:00:00+00:00,201.99999999999994,203.65999999999994,201.42999999999995,203.32999999999993,6333
2026-02-13T16:30:00+00:00,203.32999999999993,204.25999999999993,202.45999999999995,203.56999999999994,4869
2026-02-13T17:00:00+00:00,203.56999999999994,204.78999999999994,203.31999999999994,204.50999999999993,3415
2026-02-13T17:30:00+00:00,204.50999999999993,205.41999999999993,204.32999999999993,204.90999999999994,3185
2026-02-13T18:00:00+00:00,204.90999999999994,205.63999999999993,204.21999999999994,204.69999999999993,3872
2026-02-13T18:30:00+00:00,204.69999999999993,205.71999999999994,204.35999999999993,204.66999999999993,3744
2026-02-13T19:00:00+00:00,204.66999999999993,204.81999999999994,203.50999999999993,203.70999999999995,2634
2026-02-13T19:30:00+00:00,203.70999999999995,204.34999999999994,202.87999999999994,203.04999999999995,3605
2026-02-13T20:00:00+00:00,203.04999999999995,204.09999999999994,202.76999999999995,203.26999999999995,3875
2026-02-13T20:30:00+00:00,203.26999999999995,203.95999999999995,202.82999999999993,203.61999999999995,5671
2026-02-17T14:30:00+00:00,203.61999999999995,203.61999999999995,192.38999999999993,192.38999999999993,2887
2026-02-17T15:00:00+00:00,192.38999999999993,195.28999999999994,191.09999999999994,193.12999999999994,3318
2026-02-17T15:30:00+00:00,193.12999999999994,196.28999999999994,192.22999999999993,196.28999999999994,3338
2026-02-17T16:00:00+00:00,196.28999999999994,199.07999999999993,196.17999999999995,198.24999999999994,3693
2026-02-17T16:30:00+00:00,198.24999999999994,199.78999999999994,197.90999999999994,199.31999999999994,3157
2026-02-17T17:00:00+00:00,199.31999999999994,199.43999999999994,197.81999999999994,199.06999999999994,3194
2026-02-17T17:30:00+00:00,199.06999999999994,199.08999999999995,197.51999999999995,198.72999999999993,3197
2026-02-17T18:00:00+00:00,198.72999999999993,199.96999999999994,197.98999999999995,199.60999999999993,3128
2026-02-17T18:30:00+00:00,199.60999999999993,200.54999999999995,199.30999999999995,200.11999999999995,2816
2026-02-17T19:00:00+00:00,200.11999999999995,200.56999999999994,199.85999999999993,199.99999999999994,2713
2026-02-17T19:30:00+00:00,199.99999999999994,201.19999999999993,199.86999999999995,199.96999999999994,2464
2026-02-17T20:00:00+00:00,199.96999999999994,200.50999999999993,198.73999999999995,198.76999999999995,2505
2026-02-17T20:30:00+00:00,198.76999999999995,199.62999999999994,198.26999999999995,199.43999999999994,2991
2026-02-18T14:30:00+00:00,199.43999999999994,199.43999999999994,191.36999999999995,194.40999999999994,6986
2026-02-18T15:00:00+00:00,194.40999999999994,197.57999999999993,193.85999999999993,196.41999999999993,4992
2026-02-18T15:30:00+00:00,196.41999999999993,198.50999999999993,195.37999999999994,197.90999999999994,4729
2026-02-18T16:00:00+00:00,197.90999999999994,198.69999999999993,197.52999999999994,198.47999999999993,3447
2026-02-18T16:30:00+00:00,198.47999999999993,199.14999999999995,198.03999999999996,198.04999999999995,3173
2026-02-18T17:00:00+00:00,198.04999999999995,199.34999999999994,197.99999999999994,198.69999999999996,2713
2026-02-18T17:30:00+00:00,198.69999999999996,198.98999999999995,198.43999999999994,198.81999999999994,2369
2026-02-18T18:00:00+00:00,198.81999999999994,199.43999999999994,198.10999999999996,198.36999999999995,2289
2026-02-18T18:30:00+00:00,198.36999999999995,198.50999999999996,197.23999999999995,197.76999999999995,3277
2026-02-18T19:00:00+00:00,197.76999999999995,197.90999999999994,196.41999999999996,196.54999999999995,3175
2026-02-18T19:30:00+00:00,196.54999999999995,196.63999999999996,193.83999999999995,194.07999999999996,4184
2026-02-18T20:00:00+00:00,194.07999999999996,194.86999999999995,193.61999999999995,194.17999999999995,4002
2026-02-18T20:30:00+00:00,194.17999999999995,196.65999999999994,194.09999999999994,196.43999999999994,3730
2026-02-19T14:30:00+00:00,196.43999999999994,199.04999999999993,194.54999999999995,198.06999999999994,2552
2026-02-19T15:00:00+00:00,198.06999999999994,199.53999999999994,197.25999999999993,198.08999999999995,1970
2026-02-19T15:30:00+00:00,198.08999999999995,200.32999999999993,197.98999999999995,198.44999999999993,2701
2026-02-19T16:00:00+00:00,198.44999999999993,199.05999999999995,197.06999999999994,197.26999999999995,2388
2026-02-19T16:30:00+00:00,197.26999999999995,198.32999999999996,197.02999999999994,197.86999999999995,3097
2026-02-19T17:00:00+00:00,197.86999999999995,198.14999999999995,197.27999999999994,197.66999999999996,2487
2026-02-19T17:30:00+00:00,197.66999999999996,197.83999999999995,196.09999999999994,196.35999999999996,2592
2026-02-19T18:00:00+00:00,196.35999999999996,197.98999999999995,196.22999999999996,196.93999999999994,2687
2026-02-19T18:30:00+00:00,196.93999999999994,197.76999999999995,196.68999999999994,197.76999999999995,2037
2026-02-19T19:00:00+00:00,197.76999999999995,199.04999999999995,197.17999999999995,198.66999999999996,2218
2026-02-19T19:30:00+00:00,198.66999999999996,199.21999999999994,197.95999999999995,198.60999999999996,2676
2026-02-19T20:00:00+00:00,198.60999999999996,199.37999999999994,198.15999999999994,198.26999999999995,2308
2026-02-19T20:30:00+00:00,198.26999999999995,199.71999999999994,198.13999999999996,199.60999999999996,2159
2026-02-20T14:30:00+00:00,199.60999999999996,199.68999999999994,195.44999999999996,196.53999999999996,2123
2026-02-20T15:00:00+00:00,196.53999999999996,199.42999999999995,196.41999999999996,198.33999999999997,2138
2026-02-20T15:30:00+00:00,198.33999999999997,200.84999999999997,197.40999999999997,200.74999999999997,2628
2026-02-20T16:00:00+00:00,200.74999999999997,201.16999999999996,198.07999999999998,198.08999999999997,2710
2026-02-20T16:30:00+00:00,198.08999999999997,198.99999999999997,197.98,198.46999999999997,2777
2026-02-20T17:00:00+00:00,198.46999999999997,198.64999999999998,195.27999999999997,195.51,2910
2026-02-20T17:30:00+00:00,195.51,196.26,194.80999999999997,195.81999999999996,2864
2026-02-20T18:00:00+00:00,195.81999999999996,196.27999999999997,194.90999999999997,195.36999999999998,2505
2026-02-20T18:30:00+00:00,195.36999999999998,198.05999999999997,194.93999999999997,197.57999999999998,2963
2026-02-20T19:00:00+00:00,197.57999999999998,197.73,196.10999999999999,196.29999999999998,2376
2026-02-20T19:30:00+00:00,196.29999999999998,196.74999999999997,195.39999999999998,195.48999999999998,2036
2026-02-20T20:00:00+00:00,195.48999999999998,196.32999999999998,195.45999999999998,196.04,2231
2026-02-20T20:30:00+00:00,196.04,196.51,195.54,196.51,2197
2026-02-23T14:30:00+00:00,196.51,196.51,190.51,194.23999999999998,2196
2026-02-23T15:00:00+00:00,194.23999999999998,195.29,193.38,194.29999999999998,2082
2026-02-23T15:30:00+00:00,194.29999999999998,194.63,191.76999999999998,191.88,2702
2026-02-23T16:00:00+00:00,191.88,193.09,191.23,192.98,2929
2026-02-23T16:30:00+00:00,192.98,193.37,192.07999999999998,192.15,2841
2026-02-23T17:00:00+00:00,192.15,193.31,191.91,192.9,2313
2026-02-23T17:30:00+00:00,192.9,192.95999999999998,191.03,191.92999999999998,2290
2026-02-23T18:00:00+00:00,191.92999999999998,193.17,191.85999999999999,192.98,2173
2026-02-23T18:30:00+00:00,192.98,193.01,191.26,191.35999999999999,2560
2026-02-23T19:00:00+00:00,191.35999999999999,192.2,191.26999999999998,191.6,2593
2026-02-23T19:30:00+00:00,191.6,191.94,191.17,191.29,3014
2026-02-23T20:00:00+00:00,191.29,191.44,190.88,191.28,2422
2026-02-23T20:30:00+00:00,191.28,193.22,191.23,193.01,2626
2026-02-24T14:30:00+00:00,193.01,209.7,193.01,207.66,7074
2026-02-24T15:00:00+00:00,207.66,209.07999999999998,205.29,208.76999999999998,8170
2026-02-24T15:30:00+00:00,208.76999999999998,209.09,205.37,206.27,8046.069605568446
2026-02-24T16:00:00+00:00,206.27,208.13000000000002,206.10000000000002,207.36,6491
2026-02-24T16:30:00+00:00,207.36,209.31,205.98000000000002,209.21,6171
2026-02-24T17:00:00+00:00,209.21,211.26000000000002,208.96,210.75,6244
2026-02-24T17:30:00+00:00,210.75,212.69,210.65,212.37,5419
2026-02-24T18:00:00+00:00,212.37,213.04000000000002,211.87,212.53,5131
2026-02-24T18:30:00+00:00,212.53,212.84,210.49,211.64000000000001,5643
2026-02-24T19:00:00+00:00,211.64000000000001,211.92000000000002,209.69,209.8,6123
2026-02-24T19:30:00+00:00,209.8,211.22,209.76000000000002,211.13000000000002,5296
2026-02-24T20:00:00+00:00,211.13000000000002,211.34,208.70000000000002,209.38000000000002,5259
2026-02-24T20:30:00+00:00,209.38000000000002,210.77,209.3,210.14000000000001,6162
2026-02-25T14:30:00+00:00,210.14000000000001,212.17000000000002,206.16000000000003,207.98000000000002,8339
2026-02-25T15:00:00+00:00,207.98000000000002,209.76000000000002,207.68000000000004,209.45000000000002,6608
2026-02-25T15:30:00+00:00,209.45000000000002,209.81000000000003,206.58000000000004,207.23000000000002,7519
2026-02-25T16:00:00+00:00,207.23000000000002,208.14000000000001,206.79000000000002,207.86,6730
2026-02-25T16:30:00+00:00,207.86,209.83,207.09000000000003,207.76000000000002,6117
2026-02-25T17:00:00+00:00,207.76000000000002,208.68000000000004,207.54000000000002,208.62000000000003,4729
2026-02-25T17:30:00+00:00,208.62000000000003,208.87000000000003,208.12000000000003,208.35000000000002,3938
2026-02-25T18:00:00+00:00,208.35000000000002,208.57000000000002,207.79000000000002,208.24000000000004,3516
2026-02-25T18:30:00+00:00,208.24000000000004,209.56000000000003,208.05000000000004,208.43000000000004,3941
2026-02-25T19:00:00+00:00,208.43000000000004,208.98000000000002,207.88000000000002,207.94000000000003,4038
2026-02-25T19:30:00+00:00,207.94000000000003,207.99000000000004,206.96000000000004,207.07000000000002,3882
2026-02-25T20:00:00+00:00,207.07000000000002,207.68000000000004,206.63000000000002,207.03000000000003,4930
2026-02-25T20:30:00+00:00,207.03000000000003,207.37000000000003,206.24000000000004,206.70000000000002,5769
2026-02-26T14:30:00+00:00,206.70000000000002,206.70000000000002,200.09000000000003,201.70000000000002,3811
2026-02-26T15:00:00+00:00,201.70000000000002,203.67000000000004,197.77000000000004,198.44000000000003,9026
2026-02-26T15:30:00+00:00,198.44000000000003,200.70000000000002,197.75000000000003,198.27000000000004,10133
2026-02-26T16:00:00+00:00,198.27000000000004,199.81000000000003,198.27000000000004,199.3,8728
2026-02-26T16:30:00+00:00,199.3,199.73000000000002,197.8,198.09000000000003,8896
2026-02-26T17:00:00+00:00,198.09000000000003,198.86,198.05,198.3,7664
2026-02-26T17:30:00+00:00,198.3,199.20000000000002,197.50000000000003,197.90000000000003,6512
2026-02-26T18:00:00+00:00,197.90000000000003,198.43000000000004,197.36,198.24,6836
2026-02-26T18:30:00+00:00,198.24,199.71,198.19000000000003,199.02000000000007,7459.995060903477
2026-02-26T19:00:00+00:00,199.02000000000007,200.12000000000006,198.94000000000005,199.09000000000006,6905.394737759489
2026-02-26T19:30:00+00:00,199.09000000000006,199.68000000000006,198.55000000000007,198.89000000000004,4871.062665714373
2026-02-26T20:00:00+00:00,198.89000000000004,199.32000000000002,197.0500000000001,197.0900000000001,6489.456599957626
2026-02-26T20:30:00+00:00,197.0900000000001,198.4100000000001,197.0600000000001,198.3800000000001,6883
2026-02-27T14:30:00+00:00,198.3800000000001,198.3800000000001,192.6300000000001,194.44000000000008,8543
2026-02-27T15:00:00+00:00,194.44000000000008,196.4800000000001,194.1500000000001,195.3600000000001,7710
2026-02-27T15:30:00+00:00,195.3600000000001,195.6500000000001,194.2600000000001,195.3300000000001,8896.069017823284
2026-02-27T16:00:00+00:00,195.3300000000001,195.7400000000001,194.5400000000001,194.9900000000001,9100
2026-02-27T16:30:00+00:00,194.9900000000001,195.3900000000001,193.9700000000001,194.5400000000001,8218
2026-02-27T17:00:00+00:00,194.5400000000001,195.53000000000011,193.5200000000001,194.03000000000011,7606
2026-02-27T17:30:00+00:00,194.03000000000011,194.4900000000001,193.4700000000001,193.9800000000001,7563
2026-02-27T18:00:00+00:00,193.9800000000001,194.1000000000001,192.62000000000012,192.9600000000001,6755
2026-02-27T18:30:00+00:00,192.9600000000001,193.0500000000001,192.3500000000001,192.5100000000001,6549
2026-02-27T19:00:00+00:00,192.5100000000001,193.15000000000012,192.3900000000001,192.78000000000011,6076
2026-02-27T19:30:00+00:00,192.78000000000011,193.5400000000001,192.53000000000011,193.4100000000001,6371
2026-02-27T20:00:00+00:00,193.4100000000001,194.5400000000001,193.2000000000001,194.06000000000012,7049
2026-02-27T20:30:00+00:00,194.06000000000012,195.2100000000001,193.7900000000001,194.9300000000001,8678
2026-03-02T14:30:00+00:00,194.9300000000001,196.6800000000001,191.4200000000001,194.94000000000008,7135
2026-03-02T15:00:00+00:00,194.94000000000008,197.4500000000001,194.1200000000001,195.0500000000001,5803
2026-03-02T15:30:00+00:00,195.0500000000001,196.8700000000001,194.57000000000008,196.0300000000001,7911
2026-03-02T16:00:00+00:00,196.0300000000001,196.7400000000001,195.4900000000001,196.4500000000001,6170
2026-03-02T16:30:00+00:00,196.4500000000001,198.7100000000001,196.29000000000008,198.3700000000001,6338
2026-03-02T17:00:00+00:00,198.3700000000001,199.4900000000001,197.6800000000001,199.1400000000001,5489
2026-03-02T17:30:00+00:00,199.1400000000001,199.3400000000001,198.5200000000001,198.69000000000008,4529
2026-03-02T18:00:00+00:00,198.69000000000008,198.8300000000001,197.73000000000008,198.1800000000001,3774
2026-03-02T18:30:00+00:00,198.1800000000001,198.47000000000008,197.72000000000008,197.8300000000001,4131
2026-03-02T19:00:00+00:00,197.8300000000001,198.85000000000008,197.47000000000008,198.60000000000008,4453
2026-03-02T19:30:00+00:00,198.60000000000008,199.76000000000008,198.5800000000001,199.48000000000008,4086
2026-03-02T20:00:00+00:00,199.48000000000008,199.5900000000001,197.9200000000001,198.2100000000001,8370
2026-03-02T20:30:00+00:00,198.2100000000001,200.1400000000001,198.1200000000001,200.0500000000001,7382
2026-03-03T14:30:00+00:00,200.0500000000001,200.0500000000001,191.44000000000008,191.69000000000008,9077
2026-03-03T15:00:00+00:00,191.69000000000008,192.5500000000001,189.94000000000008,190.0500000000001,8347
2026-03-03T15:30:00+00:00,190.0500000000001,191.5800000000001,189.6400000000001,190.69000000000008,10563
2026-03-03T16:00:00+00:00,190.69000000000008,192.69000000000008,190.54000000000008,192.4200000000001,9788
2026-03-03T16:30:00+00:00,192.4200000000001,193.0900000000001,191.57000000000008,192.3300000000001,9575
2026-03-03T17:00:00+00:00,192.3300000000001,193.0300000000001,191.72000000000008,192.8300000000001,6767
2026-03-03T17:30:00+00:00,192.8300000000001,193.4900000000001,191.51000000000008,192.26000000000008,8952
2026-03-03T18:00:00+00:00,192.26000000000008,193.6200000000001,192.26000000000008,192.8600000000001,7979
2026-03-03T18:30:00+00:00,192.8600000000001,193.8100000000001,192.7400000000001,193.3600000000001,8659
2026-03-03T19:00:00+00:00,193.3600000000001,193.57000000000008,192.4300000000001,192.72000000000008,9014
2026-03-03T19:30:00+00:00,192.72000000000008,193.98000000000008,192.22000000000008,193.0500000000001,11659
2026-03-03T20:00:00+00:00,193.0500000000001,193.63000000000008,192.00000000000009,192.66000000000008,9881
2026-03-03T20:30:00+00:00,192.66000000000008,193.1100000000001,191.9200000000001,192.38000000000008,9976
2026-03-04T14:30:00+00:00,192.38000000000008,196.72000000000008,191.32000000000008,196.41000000000008,7077
2026-03-04T15:00:00+00:00,196.41000000000008,198.38000000000008,196.41000000000008,197.66000000000008,6088
2026-03-04T15:30:00+00:00,197.66000000000008,199.94000000000008,197.5800000000001,199.5800000000001,11085
2026-03-04T16:00:00+00:00,199.5800000000001,199.7400000000001,197.98000000000008,199.23000000000008,10711
2026-03-04T16:30:00+00:00,199.23000000000008,200.3700000000001,198.5900000000001,200.3300000000001,7715
2026-03-04T17:00:00+00:00,200.3300000000001,201.66000000000008,200.26000000000008,201.60000000000008,7236
2026-03-04T17:30:00+00:00,201.60000000000008,202.79000000000008,200.8600000000001,202.51000000000008,7966
2026-03-04T18:00:00+00:00,202.51000000000008,202.8900000000001,201.8300000000001,202.69000000000008,6773
2026-03-04T18:30:00+00:00,202.69000000000008,203.8600000000001,202.54000000000008,203.2700000000001,6170
2026-03-04T19:00:00+00:00,203.2700000000001,203.50000000000009,202.48000000000008,202.54000000000008,5298
2026-03-04T19:30:00+00:00,202.54000000000008,203.8100000000001,202.48000000000008,203.41000000000008,5313
2026-03-04T20:00:00+00:00,203.41000000000008,203.6700000000001,202.5800000000001,202.6700000000001,6094
2026-03-04T20:30:00+00:00,202.6700000000001,203.66000000000008,202.2400000000001,203.66000000000008,6892
2026-03-05T14:30:00+00:00,203.66000000000008,205.1200000000001,198.8600000000001,203.1400000000001,6697
2026-03-05T15:00:00+00:00,203.1400000000001,204.44000000000008,201.85000000000008,201.98000000000008,6494
2026-03-05T15:30:00+00:00,201.98000000000008,204.1200000000001,200.9300000000001,203.76000000000008,8005
2026-03-05T16:00:00+00:00,203.76000000000008,203.9500000000001,202.1400000000001,202.23000000000008,6807
2026-03-05T16:30:00+00:00,202.23000000000008,203.6700000000001,202.23000000000008,202.8300000000001,5529
2026-03-05T17:00:00+00:00,202.8300000000001,204.13000000000008,200.73000000000008,200.73000000000008,6609
2026-03-05T17:30:00+00:00,200.73000000000008,200.97000000000008,196.3100000000001,196.73000000000008,8978
2026-03-05T18:00:00+00:00,196.73000000000008,198.0900000000001,196.7100000000001,197.1200000000001,6543
2026-03-05T18:30:00+00:00,197.1200000000001,198.50000000000009,196.88000000000008,198.2400000000001,6343
2026-03-05T19:00:00+00:00,198.2400000000001,198.6700000000001,196.75000000000009,197.1100000000001,6127
2026-03-05T19:30:00+00:00,197.1100000000001,198.0300000000001,196.4200000000001,197.8300000000001,10161
2026-03-05T20:00:00+00:00,197.8300000000001,199.4900000000001,197.1700000000001,198.9900000000001,10103
2026-03-05T20:30:00+00:00,198.9900000000001,201.07000000000008,198.7700000000001,200.9300000000001,8501
2026-03-06T14:30:00+00:00,200.9300000000001,200.9300000000001,196.3400000000001,197.9000000000001,5796
2026-03-06T15:00:00+00:00,197.9000000000001,200.2800000000001,197.6500000000001,199.57000000000008,6143
2026-03-06T15:30:00+00:00,199.57000000000008,200.60000000000008,198.48000000000008,200.26000000000008,7064
2026-03-06T16:00:00+00:00,200.26000000000008,200.8300000000001,199.13000000000008,200.0600000000001,7659
2026-03-06T16:30:00+00:00,200.0600000000001,201.54000000000008,199.6500000000001,201.29000000000008,7312
2026-03-06T17:00:00+00:00,201.29000000000008,201.60000000000008,199.35000000000008,199.60000000000008,6305
2026-03-06T17:30:00+00:00,199.60000000000008,199.6700000000001,198.6200000000001,198.7700000000001,6134
2026-03-06T18:00:00+00:00,198.7700000000001,200.54000000000008,198.5300000000001,199.35000000000008,6192
2026-03-06T18:30:00+00:00,199.35000000000008,199.6100000000001,198.00000000000009,198.0500000000001,6456
2026-03-06T19:00:00+00:00,198.0500000000001,198.3400000000001,197.25000000000009,197.94000000000008,8447
2026-03-06T19:30:00+00:00,197.94000000000008,198.2000000000001,197.16000000000008,197.5300000000001,7431
2026-03-06T20:00:00+00:00,197.5300000000001,198.0200000000001,193.4200000000001,193.51000000000008,11166
2026-03-06T20:30:00+00:00,193.51000000000008,195.1800000000001,192.6700000000001,193.8100000000001,12653
2026-03-09T13:30:00+00:00,193.8100000000001,193.8100000000001,190.44000000000008,192.0600000000001,8386
2026-03-09T14:00:00+00:00,192.0600000000001,194.7700000000001,191.6500000000001,193.2700000000001,8701
2026-03-09T14:30:00+00:00,193.2700000000001,195.4900000000001,193.1500000000001,194.8400000000001,7054
2026-03-09T15:00:00+00:00,194.8400000000001,197.44000000000008,194.82000000000008,197.0900000000001,8708
2026-03-09T15:30:00+00:00,197.0900000000001,197.85000000000008,195.8300000000001,197.50000000000009,6940
2026-03-09T16:00:00+00:00,197.50000000000009,198.54000000000008,197.3400000000001,198.2000000000001,7243
2026-03-09T16:30:00+00:00,198.2000000000001,199.32000000000008,197.8300000000001,198.48000000000008,6689
2026-03-09T17:00:00+00:00,198.48000000000008,198.60000000000008,197.38000000000008,197.85000000000008,6303
2026-03-09T17:30:00+00:00,197.85000000000008,198.07000000000008,197.0800000000001,197.8600000000001,5764
2026-03-09T18:00:00+00:00,197.8600000000001,199.1400000000001,197.73000000000008,198.6100000000001,5469
2026-03-09T18:30:00+00:00,198.6100000000001,199.6400000000001,198.4500000000001,198.6400000000001,5729
2026-03-09T19:00:00+00:00,198.6400000000001,203.6200000000001,198.5200000000001,203.48000000000008,6637
2026-03-09T19:30:00+00:00,203.48000000000008,204.3300000000001,202.23000000000008,204.23000000000008,6851
2026-03-10T13:30:00+00:00,204.23000000000008,207.94000000000008,203.94000000000008,205.57000000000008,7726
2026-03-10T14:00:00+00:00,205.57000000000008,205.57000000000008,203.60000000000008,204.5500000000001,7548
2026-03-10T14:30:00+00:00,204.5500000000001,206.4900000000001,204.5500000000001,206.23000000000008,5595
2026-03-10T15:00:00+00:00,206.23000000000008,207.8300000000001,206.1500000000001,206.25000000000009,6713
2026-03-10T15:30:00+00:00,206.25000000000009,206.38000000000008,205.57000000000008,206.0800000000001,5196
2026-03-10T16:00:00+00:00,206.0800000000001,206.1700000000001,204.63000000000008,205.50000000000009,5840
2026-03-10T16:30:00+00:00,205.50000000000009,206.54000000000008,205.4200000000001,206.3900000000001,4421
2026-03-10T17:00:00+00:00,206.3900000000001,207.4900000000001,206.3100000000001,207.3100000000001,6101
2026-03-10T17:30:00+00:00,207.3100000000001,207.3100000000001,206.10000000000008,207.0500000000001,7144
2026-03-10T18:00:00+00:00,207.0500000000001,207.3700000000001,204.60000000000008,205.4600000000001,5797
2026-03-10T18:30:00+00:00,205.4600000000001,206.13000000000008,204.9200000000001,204.9900000000001,5989
2026-03-10T19:00:00+00:00,204.9900000000001,206.1200000000001,204.7000000000001,205.0900000000001,6922
2026-03-10T19:30:00+00:00,205.0900000000001,205.32000000000008,203.72000000000008,204.8000000000001,8439
2026-03-11T13:30:00+00:00,204.8000000000001,208.7900000000001,204.3700000000001,206.9500000000001,8234
2026-03-11T14:00:00+00:00,206.9500000000001,208.0300000000001,205.5700000000001,206.5700000000001,9014
2026-03-11T14:30:00+00:00,206.5700000000001,206.7700000000001,205.2400000000001,205.7300000000001,5828
2026-03-11T15:00:00+00:00,205.7300000000001,206.2400000000001,204.6400000000001,204.9900000000001,7772
2026-03-11T15:30:00+00:00,204.9900000000001,205.7000000000001,204.3900000000001,204.7600000000001,6931
2026-03-11T16:00:00+00:00,204.7600000000001,204.8400000000001,203.9600000000001,204.3800000000001,6196
2026-03-11T16:30:00+00:00,204.3800000000001,205.1700000000001,204.0900000000001,204.7700000000001,5550
2026-03-11T17:00:00+00:00,204.7700000000001,205.2800000000001,204.5500000000001,205.0400000000001,5495
2026-03-11T17:30:00+00:00,205.0400000000001,205.1100000000001,203.2900000000001,204.5600000000001,7870
2026-03-11T18:00:00+00:00,204.5600000000001,204.6400000000001,203.3900000000001,204.1100000000001,5540
2026-03-11T18:30:00+00:00,204.1100000000001,204.7600000000001,203.9100000000001,204.4400000000001,7238
2026-03-11T19:00:00+00:00,204.4400000000001,204.5200000000001,203.4000000000001,203.8800000000001,6972
2026-03-11T19:30:00+00:00,203.8800000000001,204.8600000000001,203.6500000000001,204.3800000000001,6009
2026-03-12T13:30:00+00:00,204.3800000000001,204.3800000000001,197.7600000000001,198.2800000000001,7496
2026-03-12T14:00:00+00:00,198.2800000000001,200.00000000000009,198.00000000000009,198.0700000000001,8270
2026-03-12T14:30:00+00:00,198.0700000000001,198.8300000000001,197.0200000000001,197.1000000000001,7792
2026-03-12T15:00:00+00:00,197.1000000000001,197.7000000000001,196.3500000000001,197.3500000000001,7683
2026-03-12T15:30:00+00:00,197.3500000000001,198.7100000000001,196.9800000000001,197.8400000000001,9728
2026-03-12T16:00:00+00:00,197.8400000000001,199.6600000000001,197.7200000000001,198.3900000000001,7032
2026-03-12T16:30:00+00:00,198.3900000000001,199.4200000000001,198.2800000000001,198.6000000000001,5705
2026-03-12T17:00:00+00:00,198.6000000000001,199.2800000000001,197.9900000000001,198.4100000000001,4625
2026-03-12T17:30:00+00:00,198.4100000000001,198.6800000000001,197.4000000000001,197.9000000000001,5293
2026-03-12T18:00:00+00:00,197.9000000000001,198.3900000000001,197.6300000000001,197.8400000000001,5288
2026-03-12T18:30:00+00:00,197.8400000000001,198.1200000000001,197.3600000000001,197.3700000000001,5740
2026-03-12T19:00:00+00:00,197.3700000000001,198.1500000000001,196.8400000000001,197.9300000000001,6531
2026-03-12T19:30:00+00:00,197.9300000000001,198.2800000000001,196.7700000000001,197.5100000000001,7506
2026-03-13T13:30:00+00:00,197.5100000000001,199.3200000000001,196.1300000000001,197.8400000000001,7027
2026-03-13T14:00:00+00:00,197.8400000000001,198.3800000000001,196.3000000000001,196.6400000000001,8497
2026-03-13T14:30:00+00:00,196.6400000000001,197.2300000000001,194.7400000000001,195.0700000000001,9217
2026-03-13T15:00:00+00:00,195.0700000000001,196.0400000000001,194.1600000000001,194.3100000000001,9011
2026-03-13T15:30:00+00:00,194.3100000000001,194.8000000000001,193.12000000000012,193.40000000000012,9055
2026-03-13T16:00:00+00:00,193.40000000000012,194.1400000000001,193.0100000000001,193.37000000000012,6798
2026-03-13T16:30:00+00:00,193.37000000000012,194.1300000000001,192.9100000000001,193.28000000000011,7304
2026-03-13T17:00:00+00:00,193.28000000000011,194.06000000000012,193.0800000000001,193.71000000000012,5718
2026-03-13T17:30:00+00:00,193.71000000000012,193.7300000000001,192.68000000000012,192.7200000000001,6568
2026-03-13T18:00:00+00:00,192.7200000000001,193.0500000000001,192.53000000000011,192.9700000000001,6610
2026-03-13T18:30:00+00:00,192.9700000000001,193.5100000000001,192.7000000000001,193.21000000000012,6173
2026-03-13T19:00:00+00:00,193.21000000000012,193.21000000000012,191.9400000000001,192.3200000000001,6470
2026-03-13T19:30:00+00:00,192.3200000000001,193.2000000000001,192.1300000000001,193.2000000000001,6518
2026-03-16T13:30:00+00:00,193.2000000000001,198.03000000000011,193.2000000000001,196.90000000000012,9762
2026-03-16T14:00:00+00:00,196.90000000000012,197.93000000000012,196.31000000000012,197.3500000000001,9672
2026-03-16T14:30:00+00:00,197.3500000000001,198.1000000000001,196.3900000000001,198.0700000000001,9268
2026-03-16T15:00:00+00:00,198.0700000000001,199.8300000000001,197.4400000000001,199.5400000000001,7470
2026-03-16T15:30:00+00:00,199.5400000000001,199.84000000000012,198.81000000000012,199.18000000000012,6100
2026-03-16T16:00:00+00:00,199.18000000000012,199.5100000000001,197.71000000000012,198.06000000000012,7990
2026-03-16T16:30:00+00:00,198.06000000000012,198.53000000000011,197.7400000000001,198.2000000000001,6749
2026-03-16T17:00:00+00:00,198.2000000000001,198.78000000000011,197.78000000000011,198.1900000000001,6383
2026-03-16T17:30:00+00:00,198.1900000000001,198.59000000000012,197.8300000000001,198.5200000000001,5232
2026-03-16T18:00:00+00:00,198.5200000000001,199.0800000000001,198.2600000000001,198.5700000000001,5606
2026-03-16T18:30:00+00:00,198.5700000000001,198.65000000000012,197.0800000000001,197.4200000000001,4321
2026-03-16T19:00:00+00:00,197.4200000000001,198.7900000000001,196.4200000000001,196.93000000000012,15169
2026-03-16T19:30:00+00:00,196.93000000000012,196.9400000000001,195.3900000000001,196.2500000000001,11554
2026-03-17T13:30:00+00:00,196.2500000000001,198.8600000000001,194.9500000000001,198.5100000000001,8612
2026-03-17T14:00:00+00:00,198.5100000000001,198.8300000000001,196.68000000000012,197.90000000000012,9906
2026-03-17T14:30:00+00:00,197.90000000000012,198.2600000000001,197.2500000000001,197.9100000000001,6196
2026-03-17T15:00:00+00:00,197.9100000000001,198.1900000000001,195.90000000000012,195.93000000000012,6371
2026-03-17T15:30:00+00:00,195.93000000000012,196.15000000000012,194.93000000000012,195.96000000000012,6826
2026-03-17T16:00:00+00:00,195.96000000000012,196.4100000000001,195.0400000000001,195.9700000000001,7177
2026-03-17T16:30:00+00:00,195.9700000000001,196.3500000000001,195.5400000000001,195.93000000000012,5875
2026-03-17T17:00:00+00:00,195.93000000000012,196.18000000000012,195.1600000000001,195.7000000000001,4176
2026-03-17T17:30:00+00:00,195.7000000000001,196.15000000000012,195.4500000000001,195.9500000000001,3424
2026-03-17T18:00:00+00:00,195.9500000000001,196.7500000000001,195.8500000000001,196.2200000000001,3754
2026-03-17T18:30:00+00:00,196.2200000000001,196.6000000000001,195.9800000000001,196.06000000000012,3238
2026-03-17T19:00:00+00:00,196.06000000000012,196.2600000000001,195.68000000000012,195.9500000000001,6349
2026-03-17T19:30:00+00:00,195.9500000000001,196.4100000000001,195.7000000000001,195.9900000000001,6238
2026-03-18T13:30:00+00:00,195.9900000000001,199.4200000000001,195.15000000000012,199.2500000000001,4587
2026-03-18T14:00:00+00:00,199.2500000000001,200.3900000000001,197.78000000000011,198.12000000000012,4904
2026-03-18T14:30:00+00:00,198.12000000000012,198.9400000000001,197.8800000000001,198.8900000000001,3592
2026-03-18T15:00:00+00:00,198.8900000000001,200.3900000000001,198.0800000000001,198.90000000000012,3810
2026-03-18T15:30:00+00:00,198.90000000000012,200.15000000000012,198.7600000000001,199.9800000000001,3275
2026-03-18T16:00:00+00:00,199.9800000000001,199.9800000000001,199.21000000000012,199.37000000000012,2537
2026-03-18T16:30:00+00:00,199.37000000000012,199.9500000000001,199.1700000000001,199.2600000000001,2619
2026-03-18T17:00:00+00:00,199.2600000000001,199.59000000000012,198.78000000000011,199.3600000000001,2526
2026-03-18T17:30:00+00:00,199.3600000000001,201.84000000000012,199.18000000000012,201.5800000000001,2641
2026-03-18T18:00:00+00:00,201.5800000000001,202.53000000000011,200.84000000000012,200.96000000000012,4961
2026-03-18T18:30:00+00:00,200.96000000000012,201.40000000000012,199.2000000000001,199.31000000000012,4816
2026-03-18T19:00:00+00:00,199.31000000000012,200.5100000000001,198.78000000000011,199.1100000000001,4824
2026-03-18T19:30:00+00:00,199.1100000000001,199.65000000000012,198.8500000000001,199.43000000000012,6049
2026-03-19T13:30:00+00:00,199.43000000000012,199.43000000000012,192.4800000000001,196.0800000000001,6633
2026-03-19T14:00:00+00:00,196.0800000000001,198.06000000000012,195.8000000000001,196.8600000000001,5839
2026-03-19T14:30:00+00:00,196.8600000000001,198.7600000000001,196.78000000000011,198.40000000000012,4220
2026-03-19T15:00:00+00:00,198.40000000000012,200.0700000000001,198.3300000000001,198.7000000000001,3874
2026-03-19T15:30:00+00:00,198.7000000000001,199.5100000000001,197.8900000000001,199.4900000000001,4067
2026-03-19T16:00:00+00:00,199.4900000000001,200.7400000000001,199.3300000000001,200.56000000000012,3825
2026-03-19T16:30:00+00:00,200.56000000000012,201.1100000000001,199.7000000000001,200.1700000000001,3307
2026-03-19T17:00:00+00:00,200.1700000000001,200.3300000000001,198.90000000000012,199.9100000000001,2936
2026-03-19T17:30:00+00:00,199.9100000000001,201.0100000000001,199.6900000000001,200.8300000000001,2650
2026-03-19T18:00:00+00:00,200.8300000000001,202.7400000000001,200.8300000000001,202.5500000000001,2984
2026-03-19T18:30:00+00:00,202.5500000000001,202.9800000000001,201.3000000000001,202.7700000000001,2934
2026-03-19T19:00:00+00:00,202.7700000000001,205.2900000000001,202.7300000000001,204.6400000000001,8006
2026-03-19T19:30:00+00:00,204.6400000000001,205.5700000000001,203.7200000000001,204.93000000000012,7312
2026-03-20T13:30:00+00:00,204.93000000000012,205.78000000000011,201.6100000000001,201.68000000000012,4579
2026-03-20T14:00:00+00:00,201.68000000000012,202.0700000000001,199.34000000000012,199.43000000000012,5549
2026-03-20T14:30:00+00:00,199.43000000000012,201.2300000000001,199.43000000000012,201.09000000000012,4639
2026-03-20T15:00:00+00:00,201.09000000000012,202.2300000000001,200.3300000000001,201.5200000000001,4058
2026-03-20T15:30:00+00:00,201.5200000000001,202.1000000000001,201.2400000000001,201.9800000000001,3002
2026-03-20T16:00:00+00:00,201.9800000000001,202.5800000000001,201.6300000000001,201.6900000000001,2609
2026-03-20T16:30:00+00:00,201.6900000000001,201.7200000000001,200.59000000000012,200.8600000000001,2512
2026-03-20T17:00:00+00:00,200.8600000000001,201.3200000000001,199.8800000000001,199.93000000000012,3051
2026-03-20T17:30:00+00:00,199.93000000000012,200.18000000000012,198.5700000000001,199.46000000000012,2963
2026-03-20T18:00:00+00:00,199.46000000000012,199.7500000000001,198.6000000000001,199.2000000000001,2803
2026-03-20T18:30:00+00:00,199.2000000000001,199.3000000000001,197.96000000000012,198.40000000000012,2703
2026-03-20T19:00:00+00:00,198.40000000000012,199.0500000000001,197.9400000000001,198.4200000000001,3382
2026-03-20T19:30:00+00:00,198.4200000000001,201.5700000000001,198.0700000000001,201.12000000000012,7191
2026-03-23T13:30:00+00:00,201.12000000000012,208.68000000000012,201.12000000000012,207.84000000000012,6516
2026-03-23T14:00:00+00:00,207.84000000000012,207.96000000000012,205.78000000000011,207.06000000000012,5708
2026-03-23T14:30:00+00:00,207.06000000000012,207.1700000000001,205.3900000000001,206.53000000000011,5670
2026-03-23T15:00:00+00:00,206.53000000000011,207.90000000000012,206.18000000000012,206.6600000000001,4999
2026-03-23T15:30:00+00:00,206.6600000000001,207.3500000000001,201.4400000000001,201.6400000000001,5569
2026-03-23T16:00:00+00:00,201.6400000000001,203.4100000000001,201.3900000000001,202.2300000000001,5267
2026-03-23T16:30:00+00:00,202.2300000000001,203.9900000000001,202.18000000000012,203.1600000000001,4146
2026-03-23T17:00:00+00:00,203.1600000000001,203.8200000000001,202.62000000000012,203.1900000000001,3441
2026-03-23T17:30:00+00:00,203.1900000000001,204.40000000000012,203.1700000000001,204.3900000000001,3815
2026-03-23T18:00:00+00:00,204.3900000000001,204.8000000000001,203.9800000000001,204.2600000000001,3285
2026-03-23T18:30:00+00:00,204.2600000000001,205.5400000000001,204.2400000000001,204.6300000000001,3444
2026-03-23T19:00:00+00:00,204.6300000000001,204.6300000000001,203.59000000000012,204.1400000000001,4101
2026-03-23T19:30:00+00:00,204.1400000000001,204.3300000000001,202.31000000000012,202.31000000000012,6278
2026-03-24T13:30:00+00:00,202.31000000000012,204.5500000000001,199.8800000000001,202.0800000000001,4709
2026-03-24T14:00:00+00:00,202.0800000000001,203.1100000000001,199.84000000000012,200.62000000000012,5771
2026-03-24T14:30:00+00:00,200.62000000000012,202.7700000000001,200.5700000000001,201.4700000000001,5781
2026-03-24T15:00:00+00:00,201.4700000000001,204.7400000000001,201.46000000000012,204.15000000000012,3998
2026-03-24T15:30:00+00:00,204.15000000000012,204.6700000000001,202.5500000000001,203.15000000000012,3659
2026-03-24T16:00:00+00:00,203.15000000000012,203.5000000000001,202.6300000000001,203.03000000000011,3356
2026-03-24T16:30:00+00:00,203.03000000000011,203.4100000000001,201.1900000000001,201.31000000000012,3282
2026-03-24T17:00:00+00:00,201.31000000000012,201.9800000000001,199.81000000000012,200.9400000000001,4452
2026-03-24T17:30:00+00:00,200.9400000000001,203.4700000000001,200.4800000000001,203.3800000000001,3532
2026-03-24T18:00:00+00:00,203.3800000000001,204.3900000000001,202.7200000000001,204.2700000000001,3471
2026-03-24T18:30:00+00:00,204.2700000000001,205.8300000000001,204.1300000000001,205.0100000000001,3790
2026-03-24T19:00:00+00:00,205.0100000000001,206.09000000000012,204.9700000000001,205.3800000000001,3679
2026-03-24T19:30:00+00:00,205.3800000000001,205.6400000000001,204.2600000000001,205.0700000000001,5572
2026-03-25T13:30:00+00:00,205.0700000000001,218.3000000000001,205.0700000000001,215.0700000000001,8087
2026-03-25T14:00:00+00:00,215.0700000000001,219.46000000000012,214.1600000000001,219.0800000000001,7992
2026-03-25T14:30:00+00:00,219.0800000000001,219.62000000000012,218.1900000000001,219.0200000000001,5251
2026-03-25T15:00:00+00:00,219.0200000000001,219.3200000000001,217.2600000000001,219.2200000000001,7260
2026-03-25T15:30:00+00:00,219.2200000000001,219.6000000000001,216.8900000000001,217.6400000000001,5606
2026-03-25T16:00:00+00:00,217.6400000000001,218.03000000000011,216.3000000000001,217.8500000000001,5000
2026-03-25T16:30:00+00:00,217.8500000000001,218.37000000000012,217.21000000000012,217.87000000000012,3622
2026-03-25T17:00:00+00:00,217.87000000000012,218.4100000000001,217.1000000000001,218.06000000000012,3799
2026-03-25T17:30:00+00:00,218.06000000000012,220.2500000000001,218.0000000000001,219.59000000000012,4284
2026-03-25T18:00:00+00:00,219.59000000000012,220.93000000000012,219.1900000000001,220.7000000000001,3528
2026-03-25T18:30:00+00:00,220.7000000000001,221.0000000000001,219.4500000000001,219.96000000000012,3701
2026-03-25T19:00:00+00:00,219.96000000000012,220.8600000000001,219.4400000000001,220.06000000000012,4897
2026-03-25T19:30:00+00:00,220.06000000000012,220.2600000000001,219.21000000000012,220.0000000000001,6625
2026-03-26T13:30:00+00:00,220.0000000000001,220.46000000000012,214.2900000000001,214.8200000000001,7390
2026-03-26T14:00:00+00:00,214.8200000000001,215.8000000000001,211.9900000000001,212.0800000000001,6157
2026-03-26T14:30:00+00:00,212.0800000000001,212.6100000000001,206.9900000000001,207.4900000000001,8742
2026-03-26T15:00:00+00:00,207.4900000000001,207.93000000000012,206.09000000000012,206.68000000000012,6384
2026-03-26T15:30:00+00:00,206.68000000000012,208.9400000000001,206.1000000000001,208.3200000000001,5133
2026-03-26T16:00:00+00:00,208.3200000000001,208.8500000000001,205.71000000000012,205.7400000000001,4685
2026-03-26T16:30:00+00:00,205.7400000000001,206.8800000000001,205.12000000000012,206.1000000000001,4358
2026-03-26T17:00:00+00:00,206.1000000000001,206.1600000000001,204.93000000000012,205.09000000000012,3341
2026-03-26T17:30:00+00:00,205.09000000000012,206.3000000000001,204.3800000000001,204.6300000000001,4011
2026-03-26T18:00:00+00:00,204.6300000000001,205.68000000000012,204.6100000000001,204.8300000000001,3882
2026-03-26T18:30:00+00:00,204.8300000000001,205.6000000000001,204.3600000000001,205.3900000000001,3493
2026-03-26T19:00:00+00:00,205.3900000000001,205.46000000000012,203.59000000000012,204.2000000000001,4950
2026-03-26T19:30:00+00:00,204.2000000000001,204.2700000000001,203.1100000000001,203.5700000000001,7414
2026-03-27T13:30:00+00:00,203.5700000000001,203.5700000000001,197.81000000000012,198.0000000000001,5767
2026-03-27T14:00:00+00:00,198.0000000000001,200.3000000000001,197.68000000000012,198.5800000000001,7351
2026-03-27T14:30:00+00:00,198.5800000000001,199.0700000000001,197.3600000000001,198.7300000000001,5640
2026-03-27T15:00:00+00:00,198.7300000000001,200.0800000000001,198.3500000000001,200.0000000000001,5617
2026-03-27T15:30:00+00:00,200.0000000000001,201.6100000000001,199.93000000000012,201.2300000000001,5141
2026-03-27T16:00:00+00:00,201.2300000000001,201.3900000000001,200.3800000000001,200.6700000000001,3488
2026-03-27T16:30:00+00:00,200.6700000000001,201.68000000000012,200.0700000000001,201.3900000000001,3683
2026-03-27T17:00:00+00:00,201.3900000000001,202.8800000000001,200.9400000000001,201.1900000000001,4617
2026-03-27T17:30:00+00:00,201.1900000000001,202.5100000000001,200.84000000000012,201.18000000000012,4510.470196128701
2026-03-27T18:00:00+00:00,201.18000000000012,201.65000000000012,200.71000000000012,201.04000000000013,3410
2026-03-27T18:30:00+00:00,201.04000000000013,201.43000000000012,200.34000000000012,201.32000000000014,3627
2026-03-27T19:00:00+00:00,201.32000000000014,201.57000000000014,200.72000000000014,201.08000000000013,4427
2026-03-27T19:30:00+00:00,201.08000000000013,201.97000000000014,200.5000000000001,201.61000000000013,6476
2026-03-30T13:30:00+00:00,201.61000000000013,208.02000000000012,201.54000000000013,202.02000000000012,9794
2026-03-30T14:00:00+00:00,202.02000000000012,205.12000000000012,201.40000000000012,202.82000000000014,9011
2026-03-30T14:30:00+00:00,202.82000000000014,203.40000000000012,198.85000000000014,200.94000000000014,12165
2026-03-30T15:00:00+00:00,200.94000000000014,202.13000000000014,198.5000000000001,199.51000000000013,12400
2026-03-30T15:30:00+00:00,199.51000000000013,201.58000000000013,198.92000000000013,198.96000000000012,11200
2026-03-30T16:00:00+00:00,198.96000000000012,199.06000000000012,197.11000000000013,197.36000000000013,9533
2026-03-30T16:30:00+00:00,197.36000000000013,197.77000000000012,196.7500000000001,196.99000000000012,8336
2026-03-30T17:00:00+00:00,196.99000000000012,197.34000000000012,195.77000000000012,195.81000000000012,9629
2026-03-30T17:30:00+00:00,195.81000000000012,197.04000000000013,195.44000000000014,196.27000000000012,9752
2026-03-30T18:00:00+00:00,196.27000000000012,196.61000000000013,195.35000000000014,195.63000000000014,8467
2026-03-30T18:30:00+00:00,195.63000000000014,196.29000000000013,194.70000000000013,194.88000000000014,7280
2026-03-30T19:00:00+00:00,194.88000000000014,194.99000000000012,192.69000000000014,192.93000000000012,9842
2026-03-30T19:30:00+00:00,192.93000000000012,196.16000000000014,192.56000000000012,195.82000000000014,10582
2026-03-31T13:30:00+00:00,195.82000000000014,200.52000000000012,195.82000000000014,200.45000000000013,7538
2026-03-31T14:00:00+00:00,200.45000000000013,201.60000000000014,199.02000000000012,200.47000000000014,10990
2026-03-31T14:30:00+00:00,200.47000000000014,201.23000000000013,197.82000000000014,198.87000000000012,13336
2026-03-31T15:00:00+00:00,198.87000000000012,200.34000000000012,197.79000000000013,197.97000000000014,13062
2026-03-31T15:30:00+00:00,197.97000000000014,199.27000000000012,196.23000000000013,196.40000000000012,11170
2026-03-31T16:00:00+00:00,196.40000000000012,198.74000000000012,196.07000000000014,198.34000000000012,9828
2026-03-31T16:30:00+00:00,198.34000000000012,202.02000000000012,197.95000000000013,201.41000000000014,11276
2026-03-31T17:00:00+00:00,201.41000000000014,202.99000000000012,201.13000000000014,201.62000000000012,12743
2026-03-31T17:30:00+00:00,201.62000000000012,202.60000000000014,200.85000000000014,201.16000000000014,11068
2026-03-31T18:00:00+00:00,201.16000000000014,202.43000000000012,201.09000000000012,202.06000000000012,8135
2026-03-31T18:30:00+00:00,202.06000000000012,203.37000000000012,201.56000000000012,203.10000000000014,7695
2026-03-31T19:00:00+00:00,203.10000000000014,203.68000000000012,202.71000000000012,203.35000000000014,10042
2026-03-31T19:30:00+00:00,203.35000000000014,203.56000000000012,202.63000000000014,202.7500000000001,11559
2026-04-01T13:30:00+00:00,202.7500000000001,210.22000000000014,202.7500000000001,209.11000000000013,10072
2026-04-01T14:00:00+00:00,209.11000000000013,210.60000000000014,208.09000000000012,210.45000000000013,9069
2026-04-01T14:30:00+00:00,210.45000000000013,211.74000000000012,209.0000000000001,211.59000000000012,9832
2026-04-01T15:00:00+00:00,211.59000000000012,212.34000000000012,211.20000000000013,211.42000000000013,7933
2026-04-01T15:30:00+00:00,211.42000000000013,213.10000000000014,211.14000000000013,212.86000000000013,7454
2026-04-01T16:00:00+00:00,212.86000000000013,213.39000000000013,212.60000000000014,212.99000000000012,6457
2026-04-01T16:30:00+00:00,212.99000000000012,213.01000000000013,212.43000000000012,212.68000000000012,4834
2026-04-01T17:00:00+00:00,212.68000000000012,213.51000000000013,212.15000000000012,212.16000000000014,4919
2026-04-01T17:30:00+00:00,212.16000000000014,212.44000000000014,211.10000000000014,211.12000000000012,5602
2026-04-01T18:00:00+00:00,211.12000000000012,211.22000000000014,208.71000000000012,208.78000000000011,10309
2026-04-01T18:30:00+00:00,208.78000000000011,209.92000000000013,208.45000000000013,209.54000000000013,9296
2026-04-01T19:00:00+00:00,209.54000000000013,211.76000000000013,209.5000000000001,211.31000000000012,7821
2026-04-01T19:30:00+00:00,211.31000000000012,211.39000000000013,209.76000000000013,209.96000000000012,9370
2026-04-02T13:30:00+00:00,209.96000000000012,209.96000000000012,200.29000000000013,206.24000000000012,11399
2026-04-02T14:00:00+00:00,206.24000000000012,209.91000000000014,205.19000000000014,208.72000000000014,13167
2026-04-02T14:30:00+00:00,208.72000000000014,213.29000000000013,208.5000000000001,213.03000000000011,15077.06274509804
2026-04-02T15:00:00+00:00,213.03000000000011,214.5700000000001,211.7200000000001,214.12000000000012,15072
2026-04-02T15:30:00+00:00,214.12000000000012,214.5100000000001,212.6300000000001,213.81000000000012,12787
2026-04-02T16:00:00+00:00,213.81000000000012,214.27000000000012,212.1300000000001,212.5400000000001,11281
2026-04-02T16:30:00+00:00,212.5400000000001,213.87000000000012,212.06000000000012,213.4400000000001,9881
2026-04-02T17:00:00+00:00,213.4400000000001,214.9700000000001,212.99000000000012,214.86000000000013,7511
2026-04-02T17:30:00+00:00,214.86000000000013,215.2900000000001,214.33000000000013,214.8200000000001,7740
2026-04-02T18:00:00+00:00,214.8200000000001,215.46000000000012,214.5100000000001,215.02000000000012,7696
2026-04-02T18:30:00+00:00,215.02000000000012,215.8500000000001,214.84000000000012,215.61000000000013,5918
2026-04-02T19:00:00+00:00,215.61000000000013,216.98000000000013,215.53000000000011,216.71000000000012,9239
2026-04-02T19:30:00+00:00,216.71000000000012,217.40000000000012,216.2500000000001,217.27000000000012,9154
2026-04-06T13:30:00+00:00,217.27000000000012,225.9700000000001,217.27000000000012,222.56000000000012,8133
2026-04-06T14:00:00+00:00,222.56000000000012,223.0400000000001,219.45000000000013,220.0400000000001,6992
2026-04-06T14:30:00+00:00,220.0400000000001,221.17000000000013,219.27000000000012,220.4100000000001,5365
2026-04-06T15:00:00+00:00,220.4100000000001,220.95000000000013,219.05000000000013,219.89000000000013,3764
2026-04-06T15:30:00+00:00,219.89000000000013,220.84000000000012,219.3500000000001,220.52000000000012,2666
2026-04-06T16:00:00+00:00,220.52000000000012,220.78000000000011,219.83000000000013,220.1300000000001,2505
2026-04-06T16:30:00+00:00,220.1300000000001,220.7200000000001,218.8800000000001,219.0400000000001,2445
2026-04-06T17:00:00+00:00,219.0400000000001,219.4400000000001,217.42000000000013,219.42000000000013,3474
2026-04-06T17:30:00+00:00,219.42000000000013,220.06000000000012,218.7600000000001,219.15000000000012,2707
2026-04-06T18:00:00+00:00,219.15000000000012,220.20000000000013,218.8800000000001,219.7500000000001,2775
2026-04-06T18:30:00+00:00,219.7500000000001,220.0400000000001,219.4400000000001,219.7200000000001,1972
2026-04-06T19:00:00+00:00,219.7200000000001,220.31000000000012,219.2500000000001,220.02000000000012,2252
2026-04-06T19:30:00+00:00,220.02000000000012,220.08000000000013,219.18000000000012,219.9100000000001,3822
2026-04-07T13:30:00+00:00,219.9100000000001,221.6000000000001,216.95000000000013,216.99000000000012,6485
2026-04-07T14:00:00+00:00,216.99000000000012,218.34000000000012,215.05000000000013,218.09000000000012,6246
2026-04-07T14:30:00+00:00,218.09000000000012,218.64000000000013,216.9700000000001,217.18000000000012,4688
2026-04-07T15:00:00+00:00,217.18000000000012,218.28000000000011,215.61000000000013,217.73000000000013,5075
2026-04-07T15:30:00+00:00,217.73000000000013,218.02000000000012,216.30000000000013,216.68000000000012,3748
2026-04-07T16:00:00+00:00,216.68000000000012,219.03000000000011,216.5700000000001,218.62000000000012,4885
2026-04-07T16:30:00+00:00,218.62000000000012,219.6600000000001,218.43000000000012,218.74000000000012,3701
2026-04-07T17:00:00+00:00,218.74000000000012,219.24000000000012,217.9700000000001,218.0700000000001,4093
2026-04-07T17:30:00+00:00,218.0700000000001,219.4400000000001,218.03000000000011,218.5100000000001,4155
2026-04-07T18:00:00+00:00,218.5100000000001,218.96000000000012,217.99000000000012,218.1600000000001,3429
2026-04-07T18:30:00+00:00,218.1600000000001,218.5000000000001,216.46000000000012,217.06000000000012,4266
2026-04-07T19:00:00+00:00,217.06000000000012,219.46000000000012,216.7900000000001,218.4400000000001,5886
2026-04-07T19:30:00+00:00,218.4400000000001,221.34000000000012,218.14000000000013,221.11000000000013,7175
2026-04-08T13:30:00+00:00,221.11000000000013,233.59000000000012,221.11000000000013,228.4700000000001,7914
2026-04-08T14:00:00+00:00,228.4700000000001,230.02000000000012,227.15000000000012,229.43000000000012,6999
2026-04-08T14:30:00+00:00,229.43000000000012,229.87000000000012,226.7600000000001,228.0000000000001,6484.114532439496
2026-04-08T15:00:00+00:00,228.0000000000001,231.6300000000001,227.9700000000001,230.7700000000001,6351
2026-04-08T15:30:00+00:00,230.7700000000001,232.3000000000001,229.7500000000001,231.59000000000012,4741
2026-04-08T16:00:00+00:00,231.59000000000012,231.8600000000001,230.6900000000001,231.0400000000001,3624
2026-04-08T16:30:00+00:00,231.0400000000001,233.2600000000001,231.0100000000001,232.9500000000001,3421
2026-04-08T17:00:00+00:00,232.9500000000001,233.2600000000001,231.5400000000001,231.7700000000001,3655
2026-04-08T17:30:00+00:00,231.7700000000001,232.65000000000012,231.3300000000001,232.62000000000012,3281
2026-04-08T18:00:00+00:00,232.62000000000012,233.43000000000012,231.74000000000012,232.0500000000001,4783
2026-04-08T18:30:00+00:00,232.0500000000001,232.4800000000001,229.5700000000001,229.74000000000012,4182
2026-04-08T19:00:00+00:00,229.74000000000012,230.9800000000001,229.2900000000001,230.3300000000001,4349
2026-04-08T19:30:00+00:00,230.3300000000001,231.6300000000001,230.2500000000001,231.5700000000001,6125
2026-04-09T13:30:00+00:00,231.5700000000001,235.68000000000012,230.62000000000012,233.2600000000001,6688
2026-04-09T14:00:00+00:00,233.2600000000001,233.5500000000001,231.46000000000012,232.0200000000001,4838
2026-04-09T14:30:00+00:00,232.0200000000001,235.21000000000012,231.7200000000001,234.9100000000001,4646
2026-04-09T15:00:00+00:00,234.9100000000001,235.6600000000001,233.7000000000001,234.06000000000012,4631
2026-04-09T15:30:00+00:00,234.06000000000012,236.1900000000001,234.0100000000001,235.6400000000001,5551
2026-04-09T16:00:00+00:00,235.6400000000001,236.5700000000001,234.5100000000001,235.0400000000001,4642
2026-04-09T16:30:00+00:00,235.0400000000001,235.2700000000001,233.7300000000001,234.03000000000011,3669
2026-04-09T17:00:00+00:00,234.03000000000011,234.5100000000001,233.6400000000001,233.87000000000012,3326
2026-04-09T17:30:00+00:00,233.87000000000012,234.24000000000012,233.12000000000012,233.6100000000001,3406
2026-04-09T18:00:00+00:00,233.6100000000001,235.28000000000011,233.15000000000012,234.8300000000001,4413
2026-04-09T18:30:00+00:00,234.8300000000001,235.9100000000001,234.5400000000001,235.74000000000012,3448
2026-04-09T19:00:00+00:00,235.74000000000012,236.6700000000001,235.71000000000012,236.3200000000001,3679
2026-04-09T19:30:00+00:00,236.3200000000001,236.81000000000012,236.0000000000001,236.3500000000001,5120
2026-04-10T13:30:00+00:00,236.3500000000001,249.1700000000001,236.3500000000001,246.9800000000001,10071
2026-04-10T14:00:00+00:00,246.9800000000001,247.4500000000001,244.31000000000012,245.81000000000012,5969
2026-04-10T14:30:00+00:00,245.81000000000012,248.4100000000001,245.7600000000001,248.2600000000001,5116.6886963269535
2026-04-10T15:00:00+00:00,248.2600000000001,249.3800000000001,247.74000000000012,248.2000000000001,5523
2026-04-10T15:30:00+00:00,248.2000000000001,248.24000000000012,244.6300000000001,244.99000000000012,6623
2026-04-10T16:00:00+00:00,244.99000000000012,245.46000000000012,244.37000000000012,244.3800000000001,4795
2026-04-10T16:30:00+00:00,244.3800000000001,245.2600000000001,243.4100000000001,245.1100000000001,4706
2026-04-10T17:00:00+00:00,245.1100000000001,245.3600000000001,244.5000000000001,245.21000000000012,3917
2026-04-10T17:30:00+00:00,245.21000000000012,245.8800000000001,244.9800000000001,245.6400000000001,3175
2026-04-10T18:00:00+00:00,245.6400000000001,246.12000000000012,245.24000000000012,245.7200000000001,3205
2026-04-10T18:30:00+00:00,245.7200000000001,245.78000000000011,244.71000000000012,244.9800000000001,2950
2026-04-10T19:00:00+00:00,244.9800000000001,245.9700000000001,244.8900000000001,245.62000000000012,3383
2026-04-10T19:30:00+00:00,245.62000000000012,245.71000000000012,244.62000000000012,244.83000000000013,5433
2026-04-13T13:30:00+00:00,244.83000000000013,245.96000000000012,241.84000000000012,243.4200000000001,4627
2026-04-13T14:00:00+00:00,243.4200000000001,244.27000000000012,242.4200000000001,242.9100000000001,5323
2026-04-13T14:30:00+00:00,242.9100000000001,244.2900000000001,242.5000000000001,244.1100000000001,3854
2026-04-13T15:00:00+00:00,244.1100000000001,244.7900000000001,243.18000000000012,244.2500000000001,3623
2026-04-13T15:30:00+00:00,244.2500000000001,244.99000000000012,243.9700000000001,244.9700000000001,3315
2026-04-13T16:00:00+00:00,244.9700000000001,245.53000000000011,244.2000000000001,245.2000000000001,3015
2026-04-13T16:30:00+00:00,245.2000000000001,245.8600000000001,244.68000000000012,245.78000000000011,3336
2026-04-13T17:00:00+00:00,245.78000000000011,246.1000000000001,245.37000000000012,246.0100000000001,1921
2026-04-13T17:30:00+00:00,246.0100000000001,246.1100000000001,244.8200000000001,244.8500000000001,1843
2026-04-13T18:00:00+00:00,244.8500000000001,245.4100000000001,244.6300000000001,245.33000000000013,2237
2026-04-13T18:30:00+00:00,245.33000000000013,246.87000000000012,245.28000000000011,246.7300000000001,2562
2026-04-13T19:00:00+00:00,246.7300000000001,246.93000000000012,246.3200000000001,246.7500000000001,2606
2026-04-13T19:30:00+00:00,246.7500000000001,247.09000000000012,246.08000000000013,246.62000000000012,5402
2026-04-14T13:30:00+00:00,246.62000000000012,251.7000000000001,245.4400000000001,247.59000000000012,6772
2026-04-14T14:00:00+00:00,247.59000000000012,248.9200000000001,246.3900000000001,248.68000000000012,4644
2026-04-14T14:30:00+00:00,248.68000000000012,249.68000000000012,248.3500000000001,249.27000000000012,3463
2026-04-14T15:00:00+00:00,249.27000000000012,251.24000000000012,247.8900000000001,250.84000000000012,3778
2026-04-14T15:30:00+00:00,250.84000000000012,252.15000000000012,250.81000000000012,251.6100000000001,4080
2026-04-14T16:00:00+00:00,251.6100000000001,252.78000000000011,251.55000000000013,252.6700000000001,2599
2026-04-14T16:30:00+00:00,252.6700000000001,252.8900000000001,251.9700000000001,252.08000000000013,2578
2026-04-14T17:00:00+00:00,252.08000000000013,253.43000000000012,252.06000000000012,253.1700000000001,2586
2026-04-14T17:30:00+00:00,253.1700000000001,253.62000000000012,253.0400000000001,253.3800000000001,2167
2026-04-14T18:00:00+00:00,253.3800000000001,253.6100000000001,252.55000000000013,253.2000000000001,3077
2026-04-14T18:30:00+00:00,253.2000000000001,254.03000000000011,253.08000000000013,253.93000000000012,2707
2026-04-14T19:00:00+00:00,253.93000000000012,255.09000000000012,253.78000000000011,254.9700000000001,3050
2026-04-14T19:30:00+00:00,254.9700000000001,255.2500000000001,254.43000000000012,254.87000000000012,6007
2026-04-15T13:30:00+00:00,254.87000000000012,256.22000000000014,253.02000000000012,255.2900000000001,6413
2026-04-15T14:00:00+00:00,255.2900000000001,255.8900000000001,254.1900000000001,255.8800000000001,4878
2026-04-15T14:30:00+00:00,255.8800000000001,257.3500000000001,255.71000000000012,256.2700000000001,4238.522848743987
2026-04-15T15:00:00+00:00,256.2700000000001,256.6800000000001,255.4200000000001,256.3900000000001,3595
2026-04-15T15:30:00+00:00,256.3900000000001,257.1600000000001,255.62000000000012,255.74000000000012,3496
2026-04-15T16:00:00+00:00,255.74000000000012,256.35000000000014,255.5500000000001,255.62000000000012,2786
2026-04-15T16:30:00+00:00,255.62000000000012,255.65000000000012,251.5200000000001,252.9100000000001,6019
2026-04-15T17:00:00+00:00,252.9100000000001,253.78000000000011,252.7200000000001,253.5700000000001,3710
2026-04-15T17:30:00+00:00,253.5700000000001,254.3900000000001,253.5200000000001,253.8600000000001,3013
2026-04-15T18:00:00+00:00,253.8600000000001,254.7200000000001,253.37000000000012,254.46000000000012,3424
2026-04-15T18:30:00+00:00,254.46000000000012,255.2600000000001,254.43000000000012,255.0100000000001,2517
2026-04-15T19:00:00+00:00,255.0100000000001,256.4900000000001,254.8600000000001,256.48000000000013,2995
2026-04-15T19:30:00+00:00,256.48000000000013,257.9000000000001,256.3300000000001,257.8400000000001,5355
2026-04-16T13:30:00+00:00,257.8400000000001,269.73000000000013,257.8400000000001,262.9400000000001,9681
2026-04-16T14:00:00+00:00,262.9400000000001,267.0700000000001,262.8800000000001,266.5500000000001,7542
2026-04-16T14:30:00+00:00,266.5500000000001,272.2100000000001,266.5100000000001,270.6300000000001,7554
2026-04-16T15:00:00+00:00,270.6300000000001,274.9700000000001,270.17000000000013,274.7700000000001,6696
2026-04-16T15:30:00+00:00,274.7700000000001,277.9900000000001,274.5200000000001,277.60000000000014,6973
2026-04-16T16:00:00+00:00,277.60000000000014,279.0000000000001,276.2100000000001,277.3900000000001,5586
2026-04-16T16:30:00+00:00,277.3900000000001,278.3300000000001,275.04000000000013,277.10000000000014,6889
2026-04-16T17:00:00+00:00,277.10000000000014,277.4300000000001,275.04000000000013,276.0500000000001,5318
2026-04-16T17:30:00+00:00,276.0500000000001,276.3700000000001,273.9300000000001,274.35000000000014,4788
2026-04-16T18:00:00+00:00,274.35000000000014,274.8200000000001,271.6400000000001,272.3400000000001,5998
2026-04-16T18:30:00+00:00,272.3400000000001,273.42000000000013,272.23000000000013,273.10000000000014,4591
2026-04-16T19:00:00+00:00,273.10000000000014,275.0100000000001,273.0500000000001,274.7600000000001,4518
2026-04-16T19:30:00+00:00,274.7600000000001,277.9900000000001,274.7600000000001,277.8700000000001,7196
2026-04-17T13:30:00+00:00,277.8700000000001,278.5200000000001,273.8300000000001,276.23000000000013,7493
2026-04-17T14:00:00+00:00,276.23000000000013,279.1800000000001,275.92000000000013,278.23000000000013,5747
2026-04-17T14:30:00+00:00,278.23000000000013,279.1500000000001,276.7400000000001,277.21000000000015,5220.154023577652
2026-04-17T15:00:00+00:00,277.21000000000015,277.63000000000017,276.63000000000017,277.22000000000014,4288
2026-04-17T15:30:00+00:00,277.22000000000014,277.79000000000013,275.72000000000014,275.96000000000015,3941
2026-04-17T16:00:00+00:00,275.96000000000015,278.75000000000017,275.89000000000016,278.2400000000001,3910
2026-04-17T16:30:00+00:00,278.2400000000001,279.71000000000015,278.07000000000016,279.28000000000014,4028
2026-04-17T17:00:00+00:00,279.28000000000014,279.69000000000017,277.23000000000013,278.16000000000014,5438
2026-04-17T17:30:00+00:00,278.16000000000014,279.3700000000001,277.75000000000017,278.94000000000017,3276
2026-04-17T18:00:00+00:00,278.94000000000017,279.35000000000014,277.8700000000001,278.07000000000016,4061
2026-04-17T18:30:00+00:00,278.07000000000016,278.42000000000013,276.78000000000014,277.15000000000015,3266
2026-04-17T19:00:00+00:00,277.15000000000015,277.8000000000001,276.69000000000017,277.75000000000017,3893
2026-04-17T19:30:00+00:00,277.75000000000017,278.3100000000002,277.13000000000017,277.94000000000017,6049
2026-04-20T13:30:00+00:00,277.94000000000017,287.08000000000015,277.94000000000017,279.27000000000015,7769
2026-04-20T14:00:00+00:00,279.27000000000015,279.35000000000014,274.39000000000016,276.3100000000002,6048
2026-04-20T14:30:00+00:00,276.3100000000002,277.60000000000014,273.69000000000017,273.94000000000017,5177
2026-04-20T15:00:00+00:00,273.94000000000017,275.70000000000016,271.79000000000013,275.3100000000002,5198
2026-04-20T15:30:00+00:00,275.3100000000002,275.32000000000016,273.92000000000013,274.27000000000015,3098
2026-04-20T16:00:00+00:00,274.27000000000015,274.83000000000015,273.22000000000014,273.69000000000017,2523
2026-04-20T16:30:00+00:00,273.69000000000017,274.1100000000001,272.8700000000001,273.33000000000015,2361
2026-04-20T17:00:00+00:00,273.33000000000015,273.70000000000016,272.6100000000001,272.6200000000001,2240
2026-04-20T17:30:00+00:00,272.6200000000001,273.92000000000013,272.53000000000014,273.6800000000001,2635
2026-04-20T18:00:00+00:00,273.6800000000001,274.2400000000001,272.88000000000017,273.9300000000001,2287
2026-04-20T18:30:00+00:00,273.9300000000001,275.9900000000001,273.89000000000016,275.76000000000016,2275
2026-04-20T19:00:00+00:00,275.76000000000016,276.13000000000017,274.4900000000001,275.16000000000014,1926
2026-04-20T19:30:00+00:00,275.16000000000014,275.47000000000014,273.8000000000001,274.6200000000001,3822
2026-04-21T13:30:00+00:00,274.6200000000001,280.04000000000013,274.6200000000001,279.9300000000001,2861
2026-04-21T14:00:00+00:00,279.9300000000001,281.73000000000013,279.44000000000017,280.9300000000001,2055
2026-04-21T14:30:00+00:00,280.9300000000001,281.14000000000016,276.91000000000014,277.51000000000016,2616
2026-04-21T15:00:00+00:00,277.51000000000016,282.33000000000015,276.3700000000001,280.10000000000014,5264
2026-04-21T15:30:00+00:00,280.10000000000014,282.51000000000016,279.6800000000001,281.1800000000001,4104
2026-04-21T16:00:00+00:00,281.1800000000001,283.6100000000001,281.17000000000013,282.35000000000014,3586
2026-04-21T16:30:00+00:00,282.35000000000014,283.38000000000017,281.27000000000015,281.95000000000016,2627
2026-04-21T17:00:00+00:00,281.95000000000016,283.91000000000014,280.7400000000001,280.98000000000013,3969
2026-04-21T17:30:00+00:00,280.98000000000013,282.96000000000015,280.84000000000015,282.42000000000013,3272
2026-04-21T18:00:00+00:00,282.42000000000013,284.8000000000001,282.39000000000016,283.82000000000016,3131
2026-04-21T18:30:00+00:00,283.82000000000016,284.46000000000015,282.82000000000016,283.50000000000017,2705
2026-04-21T19:00:00+00:00,283.50000000000017,285.63000000000017,283.35000000000014,285.27000000000015,3079
2026-04-21T19:30:00+00:00,285.27000000000015,285.84000000000015,281.46000000000015,284.40000000000015,5526
2026-04-22T13:30:00+00:00,284.40000000000015,292.3600000000001,284.40000000000015,288.00000000000017,5309
2026-04-22T14:00:00+00:00,288.00000000000017,295.51000000000016,286.95000000000016,294.84000000000015,4715
2026-04-22T14:30:00+00:00,294.84000000000015,295.8000000000001,293.3700000000001,293.97000000000014,4563.1404780066105
2026-04-22T15:00:00+00:00,293.97000000000014,297.73000000000013,293.1100000000001,297.48000000000013,3699
2026-04-22T15:30:00+00:00,297.48000000000013,297.50000000000017,295.5600000000002,295.6200000000002,2745
2026-04-22T16:00:00+00:00,295.6200000000002,296.08000000000015,294.27000000000015,295.8000000000002,2344
2026-04-22T16:30:00+00:00,295.8000000000002,297.9900000000002,295.41000000000014,297.9900000000002,2860
2026-04-22T17:00:00+00:00,297.9900000000002,300.45000000000016,297.8700000000002,300.04000000000013,3599
2026-04-22T17:30:00+00:00,300.04000000000013,300.64000000000016,299.52000000000015,299.95000000000016,2620
2026-04-22T18:00:00+00:00,299.95000000000016,300.40000000000015,298.69000000000017,299.72000000000014,2811
2026-04-22T18:30:00+00:00,299.72000000000014,302.25000000000017,299.72000000000014,301.41000000000014,2674
2026-04-22T19:00:00+00:00,301.41000000000014,303.17000000000013,300.1800000000002,302.0600000000002,3224
2026-04-22T19:30:00+00:00,302.0600000000002,303.73000000000013,301.7400000000002,303.0500000000002,4431
2026-04-23T13:30:00+00:00,303.0500000000002,305.01000000000016,299.77000000000015,302.28000000000014,6957
2026-04-23T14:00:00+00:00,302.28000000000014,305.85000000000014,300.88000000000017,305.46000000000015,6659
2026-04-23T14:30:00+00:00,305.46000000000015,306.41000000000014,303.67000000000013,305.9300000000002,4296
2026-04-23T15:00:00+00:00,305.9300000000002,309.38000000000017,305.6800000000002,308.4300000000002,4269
2026-04-23T15:30:00+00:00,308.4300000000002,309.85000000000014,306.3600000000001,307.29000000000013,4500
2026-04-23T16:00:00+00:00,307.29000000000013,308.6100000000001,305.83000000000015,308.57000000000016,3606
2026-04-23T16:30:00+00:00,308.57000000000016,309.48000000000013,308.1200000000002,308.71000000000015,3149
2026-04-23T17:00:00+00:00,308.71000000000015,309.07000000000016,303.1800000000002,303.28000000000014,7346
2026-04-23T17:30:00+00:00,303.28000000000014,304.9300000000002,299.41000000000014,303.72000000000014,9710
2026-04-23T18:00:00+00:00,303.72000000000014,305.29000000000013,302.9900000000002,304.03000000000014,5849
2026-04-23T18:30:00+00:00,304.03000000000014,305.63000000000017,302.67000000000013,303.13000000000017,3831
2026-04-23T19:00:00+00:00,303.13000000000017,304.23000000000013,302.88000000000017,303.44000000000017,3503
2026-04-23T19:30:00+00:00,303.44000000000017,305.13000000000017,302.3100000000002,304.92000000000013,4095
2026-04-24T13:30:00+00:00,304.92000000000013,347.52000000000015,304.92000000000013,340.19000000000017,9301
2026-04-24T14:00:00+00:00,340.19000000000017,349.08000000000015,338.6800000000002,345.94000000000017,7898
2026-04-24T14:30:00+00:00,345.94000000000017,346.3100000000002,342.04000000000013,345.45000000000016,7878.343317109697
2026-04-24T15:00:00+00:00,345.45000000000016,350.38000000000017,345.2900000000002,347.14000000000016,6992
2026-04-24T15:30:00+00:00,347.14000000000016,351.25000000000017,346.6200000000002,351.1100000000002,6365
2026-04-24T16:00:00+00:00,351.1100000000002,352.4900000000002,349.7400000000002,350.57000000000016,5124
2026-04-24T16:30:00+00:00,350.57000000000016,352.15000000000015,347.8100000000002,347.95000000000016,4642
2026-04-24T17:00:00+00:00,347.95000000000016,349.1700000000002,345.9100000000002,346.19000000000017,3935
2026-04-24T17:30:00+00:00,346.19000000000017,349.3500000000002,345.9900000000002,348.4900000000002,3821
2026-04-24T18:00:00+00:00,348.4900000000002,349.00000000000017,345.46000000000015,345.6700000000002,3613
2026-04-24T18:30:00+00:00,345.6700000000002,347.82000000000016,345.21000000000015,345.5400000000002,3386
2026-04-24T19:00:00+00:00,345.5400000000002,346.45000000000016,344.15000000000015,345.96000000000015,3738
2026-04-24T19:30:00+00:00,345.96000000000015,347.5400000000002,345.0300000000002,347.46000000000015,5138
2026-04-27T13:30:00+00:00,347.46000000000015,348.6100000000002,328.45000000000016,335.44000000000017,7786
2026-04-27T14:00:00+00:00,335.44000000000017,337.51000000000016,333.00000000000017,334.34000000000015,5022
2026-04-27T14:30:00+00:00,334.34000000000015,336.7800000000002,332.75000000000017,335.0400000000002,3811
2026-04-27T15:00:00+00:00,335.0400000000002,335.94000000000017,332.2400000000002,333.0400000000002,3332
2026-04-27T15:30:00+00:00,333.0400000000002,333.7900000000002,331.63000000000017,332.25000000000017,3039
2026-04-27T16:00:00+00:00,332.25000000000017,335.90000000000015,331.20000000000016,332.4700000000002,3090
2026-04-27T16:30:00+00:00,332.4700000000002,334.6600000000002,331.50000000000017,333.6000000000002,2303
2026-04-27T17:00:00+00:00,333.6000000000002,334.83000000000015,332.65000000000015,334.6100000000002,2085
2026-04-27T17:30:00+00:00,334.6100000000002,336.5400000000002,334.4900000000002,334.6600000000002,2019
2026-04-27T18:00:00+00:00,334.6600000000002,336.3500000000002,334.3000000000002,335.6700000000002,1670
2026-04-27T18:30:00+00:00,335.6700000000002,337.3600000000002,335.4200000000002,336.75000000000017,2307
2026-04-27T19:00:00+00:00,336.75000000000017,337.2200000000002,335.19000000000017,336.4800000000002,2151
2026-04-27T19:30:00+00:00,336.4800000000002,336.70000000000016,333.8000000000002,333.8700000000002,3323
2026-04-28T13:30:00+00:00,333.8700000000002,333.8700000000002,309.64000000000016,322.51000000000016,7121
2026-04-28T14:00:00+00:00,322.51000000000016,327.09000000000015,321.0600000000002,323.5500000000002,4773
2026-04-28T14:30:00+00:00,323.5500000000002,323.71000000000015,315.8500000000002,319.2800000000002,5515
2026-04-28T15:00:00+00:00,319.2800000000002,321.1700000000002,318.1600000000002,319.0400000000002,4047
2026-04-28T15:30:00+00:00,319.0400000000002,319.8600000000002,317.44000000000017,319.5300000000002,3155
2026-04-28T16:00:00+00:00,319.5300000000002,321.4200000000002,318.75000000000017,320.1600000000002,2612
2026-04-28T16:30:00+00:00,320.1600000000002,322.0500000000002,318.77000000000015,321.7800000000002,2531
2026-04-28T17:00:00+00:00,321.7800000000002,322.39000000000016,320.8700000000002,322.25000000000017,1971
2026-04-28T17:30:00+00:00,322.25000000000017,324.7200000000002,322.25000000000017,324.4700000000002,2293
2026-04-28T18:00:00+00:00,324.4700000000002,325.84000000000015,324.0500000000002,325.58000000000015,2126
2026-04-28T18:30:00+00:00,325.58000000000015,325.83000000000015,323.95000000000016,325.19000000000017,2160
2026-04-28T19:00:00+00:00,325.19000000000017,326.32000000000016,323.7200000000002,324.1700000000002,2279
2026-04-28T19:30:00+00:00,324.1700000000002,325.08000000000015,322.2200000000002,322.71000000000015,3475
2026-04-29T13:30:00+00:00,322.71000000000015,326.45000000000016,318.52000000000015,322.8600000000002,4870
2026-04-29T14:00:00+00:00,322.8600000000002,327.5600000000002,319.3600000000002,326.26000000000016,4574
2026-04-29T14:30:00+00:00,326.26000000000016,332.96000000000015,325.8100000000002,332.20000000000016,5204.279552517091
2026-04-29T15:00:00+00:00,332.20000000000016,333.5500000000002,327.35000000000014,327.69000000000017,3654
2026-04-29T15:30:00+00:00,327.69000000000017,328.53000000000014,326.46000000000015,327.65000000000015,2808
2026-04-29T16:00:00+00:00,327.65000000000015,328.4300000000002,325.7300000000002,327.65000000000015,2011
2026-04-29T16:30:00+00:00,327.65000000000015,330.7300000000002,326.82000000000016,330.47000000000014,2431
2026-04-29T17:00:00+00:00,330.47000000000014,332.9300000000002,329.96000000000015,332.91000000000014,2010
2026-04-29T17:30:00+00:00,332.91000000000014,334.96000000000015,331.57000000000016,334.66000000000014,2399
2026-04-29T18:00:00+00:00,334.66000000000014,335.97000000000014,332.90000000000015,335.28000000000014,2739
2026-04-29T18:30:00+00:00,335.28000000000014,337.96000000000015,334.57000000000016,337.03000000000014,3682
2026-04-29T19:00:00+00:00,337.03000000000014,339.7900000000002,336.6200000000002,338.90000000000015,3397
2026-04-29T19:30:00+00:00,338.90000000000015,339.2300000000002,335.60000000000014,336.6100000000002,3996
2026-04-30T13:30:00+00:00,336.6100000000002,342.60000000000014,332.15000000000015,342.26000000000016,6627
2026-04-30T14:00:00+00:00,342.26000000000016,345.33000000000015,340.6700000000002,342.59000000000015,6795
2026-04-30T14:30:00+00:00,342.59000000000015,345.40000000000015,337.3600000000002,345.0600000000002,6591
2026-04-30T15:00:00+00:00,345.0600000000002,348.66000000000014,345.0600000000002,347.78000000000014,5481
2026-04-30T15:30:00+00:00,347.78000000000014,350.3000000000002,345.15000000000015,346.39000000000016,4627
2026-04-30T16:00:00+00:00,346.39000000000016,349.10000000000014,346.01000000000016,349.10000000000014,3058
2026-04-30T16:30:00+00:00,349.10000000000014,350.5500000000002,348.4200000000002,349.33000000000015,3474
2026-04-30T17:00:00+00:00,349.33000000000015,352.15000000000015,349.3100000000002,351.66000000000014,3599
2026-04-30T17:30:00+00:00,351.66000000000014,354.35000000000014,351.66000000000014,353.78000000000014,3605
2026-04-30T18:00:00+00:00,353.78000000000014,354.41000000000014,351.20000000000016,351.65000000000015,3647
2026-04-30T18:30:00+00:00,351.65000000000015,352.6700000000002,350.6800000000002,350.88000000000017,3512
2026-04-30T19:00:00+00:00,350.88000000000017,352.70000000000016,350.6200000000002,352.41000000000014,3383
2026-04-30T19:30:00+00:00,352.41000000000014,354.5600000000002,352.10000000000014,354.25000000000017,5574
2026-05-01T13:30:00+00:00,354.25000000000017,357.60000000000014,349.15000000000015,355.84000000000015,5138
2026-05-01T14:00:00+00:00,355.84000000000015,356.71000000000015,351.7400000000002,351.75000000000017,3664
2026-05-01T14:30:00+00:00,351.75000000000017,352.85000000000014,348.9300000000002,351.09000000000015,3506.56077152177
2026-05-01T15:00:00+00:00,351.09000000000015,354.21000000000015,350.46000000000015,353.52000000000015,2363
2026-05-01T15:30:00+00:00,353.52000000000015,354.88000000000017,352.67000000000013,354.69000000000017,2084
2026-05-01T16:00:00+00:00,354.69000000000017,357.64000000000016,354.50000000000017,356.16000000000014,2552
2026-05-01T16:30:00+00:00,356.16000000000014,358.26000000000016,355.9300000000002,357.98000000000013,2170
2026-05-01T17:00:00+00:00,357.98000000000013,359.71000000000015,357.77000000000015,359.45000000000016,2180
2026-05-01T17:30:00+00:00,359.45000000000016,362.40000000000015,359.21000000000015,361.5600000000002,2609
2026-05-01T18:00:00+00:00,361.5600000000002,361.8600000000001,359.98000000000013,360.29000000000013,2294
2026-05-01T18:30:00+00:00,360.29000000000013,360.29000000000013,356.90000000000015,357.41000000000014,2619
2026-05-01T19:00:00+00:00,357.41000000000014,361.54000000000013,356.94000000000017,360.71000000000015,2098
2026-05-01T19:30:00+00:00,360.71000000000015,360.76000000000016,357.97000000000014,359.89000000000016,3484
2026-05-04T13:30:00+00:00,359.89000000000016,361.19000000000017,346.17000000000013,351.83000000000015,6887
2026-05-04T14:00:00+00:00,351.83000000000015,352.73000000000013,342.50000000000017,342.53000000000014,5561
2026-05-04T14:30:00+00:00,342.53000000000014,347.82000000000016,342.3600000000001,346.39000000000016,4351
2026-05-04T15:00:00+00:00,346.39000000000016,346.83000000000015,339.78000000000014,341.6800000000002,5218
2026-05-04T15:30:00+00:00,341.6800000000002,342.28000000000014,338.3600000000001,341.63000000000017,4758
2026-05-04T16:00:00+00:00,341.63000000000017,341.97000000000014,338.4900000000002,340.59000000000015,4653
2026-05-04T16:30:00+00:00,340.59000000000015,342.84000000000015,339.5500000000002,341.9300000000002,3485
2026-05-04T17:00:00+00:00,341.9300000000002,344.07000000000016,341.78000000000014,343.9300000000002,3463
2026-05-04T17:30:00+00:00,343.9300000000002,344.39000000000016,342.66000000000014,343.85000000000014,3095
2026-05-04T18:00:00+00:00,343.85000000000014,344.47000000000014,342.38000000000017,343.82000000000016,3160
2026-05-04T18:30:00+00:00,343.82000000000016,343.8700000000002,341.88000000000017,342.48000000000013,3581
2026-05-04T19:00:00+00:00,342.48000000000013,343.14000000000016,341.03000000000014,342.00000000000017,3568
2026-05-04T19:30:00+00:00,342.00000000000017,344.5600000000002,340.6200000000002,341.03000000000014,5244
2026-05-05T13:30:00+00:00,341.03000000000014,354.08000000000015,341.03000000000014,347.20000000000016,6614
2026-05-05T14:00:00+00:00,347.20000000000016,350.48000000000013,344.54000000000013,349.5600000000002,5076
2026-05-05T14:30:00+00:00,349.5600000000002,352.5600000000002,349.5600000000002,350.4300000000002,4349
2026-05-05T15:00:00+00:00,350.4300000000002,352.53000000000014,349.67000000000013,350.48000000000013,3619
2026-05-05T15:30:00+00:00,350.48000000000013,355.83000000000015,350.32000000000016,354.71000000000015,3919
2026-05-05T16:00:00+00:00,354.71000000000015,355.08000000000015,351.71000000000015,351.94000000000017,3158
2026-05-05T16:30:00+00:00,351.94000000000017,355.10000000000014,350.92000000000013,354.34000000000015,2678
2026-05-05T17:00:00+00:00,354.34000000000015,355.08000000000015,353.40000000000015,354.4300000000002,2262
2026-05-05T17:30:00+00:00,354.4300000000002,356.54000000000013,354.07000000000016,355.9900000000002,2601
2026-05-05T18:00:00+00:00,355.9900000000002,359.13000000000017,355.8700000000002,356.98000000000013,3224
2026-05-05T18:30:00+00:00,356.98000000000013,358.75000000000017,355.3700000000002,355.46000000000015,3054
2026-05-05T19:00:00+00:00,355.46000000000015,356.45000000000016,352.25000000000017,355.0600000000002,3392
2026-05-05T19:30:00+00:00,355.0600000000002,357.4900000000002,352.89000000000016,354.7400000000002,5525
2026-05-06T13:30:00+00:00,354.7400000000002,429.7400000000002,354.7400000000002,410.98000000000013,11683
2026-05-06T14:00:00+00:00,410.98000000000013,415.90000000000015,401.71000000000015,405.34000000000015,8455
2026-05-06T14:30:00+00:00,405.34000000000015,412.96000000000015,404.41000000000014,409.33000000000015,6020.927798774925
2026-05-06T15:00:00+00:00,409.33000000000015,417.1100000000002,406.6800000000002,416.76000000000016,5511
2026-05-06T15:30:00+00:00,416.76000000000016,418.53000000000014,412.51000000000016,413.78000000000014,4522
2026-05-06T16:00:00+00:00,413.78000000000014,415.6700000000002,410.94000000000017,412.15000000000015,3350
2026-05-06T16:30:00+00:00,412.15000000000015,414.6200000000002,410.27000000000015,411.45000000000016,3355
2026-05-06T17:00:00+00:00,411.45000000000016,415.1700000000002,410.95000000000016,413.9800000000002,2834
2026-05-06T17:30:00+00:00,413.9800000000002,416.8600000000002,413.78000000000014,416.64000000000016,2555
2026-05-06T18:00:00+00:00,416.64000000000016,419.8700000000002,415.95000000000016,419.76000000000016,3017
2026-05-06T18:30:00+00:00,419.76000000000016,422.76000000000016,418.03000000000014,418.14000000000016,3957
2026-05-06T19:00:00+00:00,418.14000000000016,420.65000000000015,416.9300000000002,419.4200000000002,3025
2026-05-06T19:30:00+00:00,419.4200000000002,421.59000000000015,416.34000000000015,421.4900000000002,4699
2026-05-07T13:30:00+00:00,421.4900000000002,421.4900000000002,410.34000000000015,414.88000000000017,6650
2026-05-07T14:00:00+00:00,414.88000000000017,421.4300000000002,411.63000000000017,418.89000000000016,4847
2026-05-07T14:30:00+00:00,418.89000000000016,421.44000000000017,414.15000000000015,414.16000000000014,4164
2026-05-07T15:00:00+00:00,414.16000000000014,414.4300000000002,410.52000000000015,411.02000000000015,3817
2026-05-07T15:30:00+00:00,411.02000000000015,412.4300000000002,405.89000000000016,407.00000000000017,3699
2026-05-07T16:00:00+00:00,407.00000000000017,407.95000000000016,402.21000000000015,405.97000000000014,4513
2026-05-07T16:30:00+00:00,405.97000000000014,408.1700000000002,404.38000000000017,406.34000000000015,2905
2026-05-07T17:00:00+00:00,406.34000000000015,406.58000000000015,400.9200000000002,403.10000000000014,3686
2026-05-07T17:30:00+00:00,403.10000000000014,407.52000000000015,402.4800000000002,407.3000000000002,2900
2026-05-07T18:00:00+00:00,407.3000000000002,408.66000000000014,404.3000000000002,404.72000000000014,3147
2026-05-07T18:30:00+00:00,404.72000000000014,407.1800000000002,404.19000000000017,406.4900000000002,3209
2026-05-07T19:00:00+00:00,406.4900000000002,407.70000000000016,404.95000000000016,405.3700000000002,2948
2026-05-07T19:30:00+00:00,405.3700000000002,409.52000000000015,405.20000000000016,408.10000000000014,4080
2026-05-08T13:30:00+00:00,408.10000000000014,434.4900000000002,408.10000000000014,432.27000000000015,6942
2026-05-08T14:00:00+00:00,432.27000000000015,440.91000000000014,431.4200000000002,435.3100000000002,5944
2026-05-08T14:30:00+00:00,435.3100000000002,436.3000000000002,431.95000000000016,435.35000000000014,4940.580972186119
2026-05-08T15:00:00+00:00,435.35000000000014,437.03000000000014,433.8000000000001,435.72000000000014,4206
2026-05-08T15:30:00+00:00,435.72000000000014,444.5700000000001,433.9900000000001,441.2600000000001,4259
2026-05-08T16:00:00+00:00,441.2600000000001,443.4900000000001,439.17000000000013,443.42000000000013,3726
2026-05-08T16:30:00+00:00,443.42000000000013,445.6900000000001,440.1900000000001,442.0000000000001,4280
2026-05-08T17:00:00+00:00,442.0000000000001,446.58000000000015,441.9900000000001,445.34000000000015,4099
2026-05-08T17:30:00+00:00,445.34000000000015,448.09000000000015,443.8900000000001,443.92000000000013,3642
2026-05-08T18:00:00+00:00,443.92000000000013,447.5500000000001,442.9400000000001,447.0700000000001,3210
2026-05-08T18:30:00+00:00,447.0700000000001,448.1200000000001,444.73000000000013,444.73000000000013,3501
2026-05-08T19:00:00+00:00,444.73000000000013,448.6300000000001,444.73000000000013,445.42000000000013,3307
2026-05-08T19:30:00+00:00,445.42000000000013,455.8700000000001,444.96000000000015,454.78000000000014,5909
2026-05-11T13:30:00+00:00,454.78000000000014,467.08000000000015,451.4300000000001,453.8900000000001,6972
2026-05-11T14:00:00+00:00,453.8900000000001,462.53000000000014,451.52000000000015,451.85000000000014,5371
2026-05-11T14:30:00+00:00,451.85000000000014,460.5000000000001,450.5700000000001,456.53000000000014,5861
2026-05-11T15:00:00+00:00,456.53000000000014,462.08000000000015,455.6900000000001,460.35000000000014,4839
2026-05-11T15:30:00+00:00,460.35000000000014,464.8800000000001,459.29000000000013,464.34000000000015,3877
2026-05-11T16:00:00+00:00,464.34000000000015,465.09000000000015,462.6100000000001,463.3200000000001,3111
2026-05-11T16:30:00+00:00,463.3200000000001,466.3100000000001,462.71000000000015,464.02000000000015,3623
2026-05-11T17:00:00+00:00,464.02000000000015,465.92000000000013,461.46000000000015,464.9300000000001,3276
2026-05-11T17:30:00+00:00,464.9300000000001,467.35000000000014,464.34000000000015,465.6400000000001,2699
2026-05-11T18:00:00+00:00,465.6400000000001,468.84000000000015,465.5500000000001,466.3900000000001,2651
2026-05-11T18:30:00+00:00,466.3900000000001,466.7000000000001,462.72000000000014,463.0500000000001,3001
2026-05-11T19:00:00+00:00,463.0500000000001,466.1300000000001,458.8900000000001,459.29000000000013,4101
2026-05-11T19:30:00+00:00,459.29000000000013,460.2000000000001,455.9900000000001,458.59000000000015,5287
2026-05-12T13:30:00+00:00,458.59000000000015,458.59000000000015,444.7000000000001,448.2000000000001,10194
2026-05-12T14:00:00+00:00,448.2000000000001,454.77000000000015,446.04000000000013,446.21000000000015,8666
2026-05-12T14:30:00+00:00,446.21000000000015,449.85000000000014,442.33000000000015,442.8800000000001,10270
2026-05-12T15:00:00+00:00,442.8800000000001,444.3200000000001,434.8900000000001,435.66000000000014,10580
2026-05-12T15:30:00+00:00,435.66000000000014,440.9400000000001,431.98000000000013,432.23000000000013,8649
2026-05-12T16:00:00+00:00,432.23000000000013,436.53000000000014,431.0100000000001,432.1200000000001,7684
2026-05-12T16:30:00+00:00,432.1200000000001,432.90000000000015,425.71000000000015,426.67000000000013,8900
2026-05-12T17:00:00+00:00,426.67000000000013,437.72000000000014,426.67000000000013,436.28000000000014,7797
2026-05-12T17:30:00+00:00,436.28000000000014,438.1100000000001,434.7500000000001,435.8000000000001,6501
2026-05-12T18:00:00+00:00,435.8000000000001,440.0000000000001,435.29000000000013,438.8600000000001,6444
2026-05-12T18:30:00+00:00,438.8600000000001,440.9900000000001,435.6900000000001,436.1900000000001,6505
2026-05-12T19:00:00+00:00,436.1900000000001,440.8200000000001,436.1800000000001,439.3000000000001,6040
2026-05-12T19:30:00+00:00,439.3000000000001,448.2600000000001,439.3000000000001,448.0000000000001,6223
2026-05-13T13:30:00+00:00,448.0000000000001,458.8200000000001,436.72000000000014,438.4400000000001,7499
2026-05-13T14:00:00+00:00,438.4400000000001,439.8200000000001,432.3000000000001,439.16000000000014,5668
2026-05-13T14:30:00+00:00,439.16000000000014,445.0800000000001,437.90000000000015,444.7600000000001,4736.1328320802
2026-05-13T15:00:00+00:00,444.7600000000001,448.38000000000005,443.8400000000001,445.36000000000007,4034
2026-05-13T15:30:00+00:00,445.36000000000007,447.06000000000006,443.4600000000001,444.7600000000001,3146
2026-05-13T16:00:00+00:00,444.7600000000001,448.50000000000006,444.19000000000005,447.7900000000001,2869
2026-05-13T16:30:00+00:00,447.7900000000001,448.55000000000007,446.7900000000001,447.99000000000007,1980
2026-05-13T17:00:00+00:00,447.99000000000007,451.37000000000006,447.7200000000001,450.4500000000001,2270
2026-05-13T17:30:00+00:00,450.4500000000001,450.8900000000001,447.0800000000001,447.11000000000007,2307
2026-05-13T18:00:00+00:00,447.11000000000007,451.2000000000001,447.05000000000007,449.99000000000007,2334
2026-05-13T18:30:00+00:00,449.99000000000007,450.49000000000007,444.81000000000006,445.2200000000001,2393
2026-05-13T19:00:00+00:00,445.2200000000001,448.74000000000007,445.06000000000006,448.06000000000006,2326
2026-05-13T19:30:00+00:00,448.06000000000006,449.2200000000001,443.7100000000001,445.13000000000005,3408
2026-05-14T13:30:00+00:00,445.13000000000005,450.43000000000006,435.38000000000005,445.13000000000005,6352
2026-05-14T14:00:00+00:00,445.13000000000005,449.7000000000001,441.74000000000007,446.0800000000001,5021
2026-05-14T14:30:00+00:00,446.0800000000001,452.5400000000001,444.93000000000006,450.4000000000001,4306
2026-05-14T15:00:00+00:00,450.4000000000001,452.86000000000007,448.7900000000001,450.38000000000005,2896
2026-05-14T15:30:00+00:00,450.38000000000005,451.0100000000001,448.2900000000001,448.4700000000001,2560
2026-05-14T16:00:00+00:00,448.4700000000001,450.9700000000001,447.1500000000001,447.36000000000007,2107
2026-05-14T16:30:00+00:00,447.36000000000007,449.7300000000001,447.1000000000001,448.5300000000001,2248
2026-05-14T17:00:00+00:00,448.5300000000001,449.5300000000001,441.68000000000006,443.5100000000001,5467
2026-05-14T17:30:00+00:00,443.5100000000001,448.5300000000001,442.9500000000001,447.9000000000001,3460
2026-05-14T18:00:00+00:00,447.9000000000001,448.06000000000006,443.8900000000001,445.2800000000001,2590
2026-05-14T18:30:00+00:00,445.2800000000001,447.2100000000001,444.13000000000005,446.25000000000006,2661
2026-05-14T19:00:00+00:00,446.25000000000006,450.2800000000001,445.2800000000001,448.9800000000001,4894
2026-05-14T19:30:00+00:00,448.9800000000001,451.69000000000005,448.88000000000005,449.4600000000001,4304
2026-05-15T13:30:00+00:00,449.4600000000001,449.4600000000001,425.9100000000001,427.2100000000001,5968
2026-05-15T14:00:00+00:00,427.2100000000001,438.50000000000006,425.8400000000001,433.05000000000007,5164
2026-05-15T14:30:00+00:00,433.05000000000007,434.5200000000001,429.8400000000001,430.45000000000005,4182.6221886792455
2026-05-15T15:00:00+00:00,430.45000000000005,435.46000000000004,430.33000000000004,434.78000000000003,3226
2026-05-15T15:30:00+00:00,434.78000000000003,436.05000000000007,430.27000000000004,432.21000000000004,3146
2026-05-15T16:00:00+00:00,432.21000000000004,433.4800000000001,430.15000000000003,431.07000000000005,2274
2026-05-15T16:30:00+00:00,431.07000000000005,432.81000000000006,430.02000000000004,430.75000000000006,2165
2026-05-15T17:00:00+00:00,430.75000000000006,433.4800000000001,430.49000000000007,433.05000000000007,1729
2026-05-15T17:30:00+00:00,433.05000000000007,434.31000000000006,432.03000000000003,434.07000000000005,1938
2026-05-15T18:00:00+00:00,434.07000000000005,435.69000000000005,431.57000000000005,431.9100000000001,3945
2026-05-15T18:30:00+00:00,431.9100000000001,433.30000000000007,430.13000000000005,431.81000000000006,2139
2026-05-15T19:00:00+00:00,431.81000000000006,432.28000000000003,428.6700000000001,428.8500000000001,2413
2026-05-15T19:30:00+00:00,428.8500000000001,430.52000000000004,423.13000000000005,424.31000000000006,4181
2026-05-18T13:30:00+00:00,424.31000000000006,438.31000000000006,422.27000000000004,423.95000000000005,5984
2026-05-18T14:00:00+00:00,423.95000000000005,424.43000000000006,416.18000000000006,416.37000000000006,4229
2026-05-18T14:30:00+00:00,416.37000000000006,417.76000000000005,411.53000000000003,416.00000000000006,5307
2026-05-18T15:00:00+00:00,416.00000000000006,420.59000000000003,415.4200000000001,415.71000000000004,3735
2026-05-18T15:30:00+00:00,415.71000000000004,423.56000000000006,414.94000000000005,420.77000000000004,2843
2026-05-18T16:00:00+00:00,420.77000000000004,421.07000000000005,413.1600000000001,413.51000000000005,2569
2026-05-18T16:30:00+00:00,413.51000000000005,419.28000000000003,412.05000000000007,418.1700000000001,2743
2026-05-18T17:00:00+00:00,418.1700000000001,419.53000000000003,415.38000000000005,417.61000000000007,2105
2026-05-18T17:30:00+00:00,417.61000000000007,417.9200000000001,414.52000000000004,416.0400000000001,1705
2026-05-18T18:00:00+00:00,416.0400000000001,416.26000000000005,410.4200000000001,411.80000000000007,2326
2026-05-18T18:30:00+00:00,411.80000000000007,414.09000000000003,410.47,413.72,2002
2026-05-18T19:00:00+00:00,413.72,420.4200000000001,412.87000000000006,413.59000000000003,2545
2026-05-18T19:30:00+00:00,413.59000000000003,421.70000000000005,413.07000000000005,420.8500000000001,3480
2026-05-19T13:30:00+00:00,420.8500000000001,428.05000000000007,404.7300000000001,404.9800000000001,6627
2026-05-19T14:00:00+00:00,404.9800000000001,405.95000000000005,393.19000000000005,395.44000000000005,7096
2026-05-19T14:30:00+00:00,395.44000000000005,403.26000000000005,393.78000000000003,402.9200000000001,5691
2026-05-19T15:00:00+00:00,402.9200000000001,408.31000000000006,401.27000000000004,407.77000000000004,4444
2026-05-19T15:30:00+00:00,407.77000000000004,410.37000000000006,405.81000000000006,407.44000000000005,3355
2026-05-19T16:00:00+00:00,407.44000000000005,414.72,407.27000000000004,414.72,2855
2026-05-19T16:30:00+00:00,414.72,419.69000000000005,414.18000000000006,419.09000000000003,3707
2026-05-19T17:00:00+00:00,419.09000000000003,424.69000000000005,418.77000000000004,422.08000000000004,2732
2026-05-19T17:30:00+00:00,422.08000000000004,423.52000000000004,419.32000000000005,422.4100000000001,2845
2026-05-19T18:00:00+00:00,422.4100000000001,423.31000000000006,416.37000000000006,418.0400000000001,2458
2026-05-19T18:30:00+00:00,418.0400000000001,418.72,414.80000000000007,415.49000000000007,2203
2026-05-19T19:00:00+00:00,415.49000000000007,420.27000000000004,414.69000000000005,416.20000000000005,2582
2026-05-19T19:30:00+00:00,416.20000000000005,418.24000000000007,411.2900000000001,414.39000000000004,3857
2026-05-20T13:30:00+00:00,414.39000000000004,436.26000000000005,414.39000000000004,433.9800000000001,5409
2026-05-20T14:00:00+00:00,433.9800000000001,445.43000000000006,433.90000000000003,444.02000000000004,4972
2026-05-20T14:30:00+00:00,444.02000000000004,445.90000000000003,441.8500000000001,444.34000000000003,3629.2514498141263
2026-05-20T15:00:00+00:00,444.34000000000003,447.08000000000004,442.68,445.41,3167
2026-05-20T15:30:00+00:00,445.41,448.16,445.38,448.16,2221
2026-05-20T16:00:00+00:00,448.16,448.29,441.18,442.63,2588
2026-05-20T16:30:00+00:00,442.63,445.18,442.35,443.99,2078
2026-05-20T17:00:00+00:00,443.99,446.04,443.3,444.32000000000005,1894
2026-05-20T17:30:00+00:00,444.32000000000005,444.82000000000005,443.15000000000003,444.51000000000005,1356
2026-05-20T18:00:00+00:00,444.51000000000005,445.83000000000004,443.68,444.42,1657
2026-05-20T18:30:00+00:00,444.42,445.19,443.32000000000005,443.91,1450
2026-05-20T19:00:00+00:00,443.91,448.99,443.74,448.56,2058
2026-05-20T19:30:00+00:00,448.56,448.83000000000004,443.08000000000004,447.28000000000003,3267
2026-05-21T13:30:00+00:00,447.28000000000003,447.42,439.68,440.38,4252
2026-05-21T14:00:00+00:00,440.38,442.06,431.28000000000003,432.28000000000003,4121
2026-05-21T14:30:00+00:00,432.28000000000003,438.54,431.94,435.20000000000005,3807
2026-05-21T15:00:00+00:00,435.20000000000005,439.15000000000003,433.69,437.94,2801
2026-05-21T15:30:00+00:00,437.94,442.41,436.41,440.77000000000004,2412
2026-05-21T16:00:00+00:00,440.77000000000004,443.73,439.18,439.98,1827
2026-05-21T16:30:00+00:00,439.98,442.58000000000004,439.68,440.66,1429
2026-05-21T17:00:00+00:00,440.66,444.73,440.38,443.19,2518
2026-05-21T17:30:00+00:00,443.19,446.67,442.99,444.51000000000005,1826
2026-05-21T18:00:00+00:00,444.51000000000005,446.02000000000004,443.67,445.45000000000005,1794
2026-05-21T18:30:00+00:00,445.45000000000005,446.29,441.43,443.35,2229
2026-05-21T19:00:00+00:00,443.35,444.81,442.81,444.39000000000004,1743
2026-05-21T19:30:00+00:00,444.39000000000004,450.59000000000003,443.90000000000003,448.98,3323
2026-05-22T13:30:00+00:00,448.98,480.68,448.98,465.94,5858
2026-05-22T14:00:00+00:00,465.94,467.61,461.34000000000003,467.53000000000003,3649
2026-05-22T14:30:00+00:00,467.53000000000003,469.74,466,466.86,3342.9375877672023
2026-05-22T15:00:00+00:00,466.86,473.53,466.55,469.78,3085
2026-05-22T15:30:00+00:00,469.78,471.19,467.99,470.42,2243
2026-05-22T16:00:00+00:00,470.42,470.71,465.9,467.39,2050
2026-05-22T16:30:00+00:00,467.39,470.15,465.65,469.71999999999997,1986
2026-05-22T17:00:00+00:00,469.71999999999997,472,467.84999999999997,471.01,2076
2026-05-22T17:30:00+00:00,471.01,473.05,470.19,471.76,2033
2026-05-22T18:00:00+00:00,471.76,474.45,470.86,471.64,2237
2026-05-22T18:30:00+00:00,471.64,471.81,468.88,469.82,1789
2026-05-22T19:00:00+00:00,469.82,470.25,465.71,466.02,2423
2026-05-22T19:30:00+00:00,466.02,468.75,465.95,467.33,3068
2026-05-26T13:30:00+00:00,467.33,494.4,467.33,493.02,5581
2026-05-26T14:00:00+00:00,493.02,494.96,487.94,493.39,3900
2026-05-26T14:30:00+00:00,493.39,496.44,489.65,490.15999999999997,2687
2026-05-26T15:00:00+00:00,490.15999999999997,491.92,487.68,489.67,2550
2026-05-26T15:30:00+00:00,489.67,491.48,485.15,487.8,2637
2026-05-26T16:00:00+00:00,487.8,495.2,487.40999999999997,494.64,2277
2026-05-26T16:30:00+00:00,494.64,497.17,492.95,496.19,2104
2026-05-26T17:00:00+00:00,496.19,497.43,494.8,496.84999999999997,1765
2026-05-26T17:30:00+00:00,496.84999999999997,497.58,495.65,496.15,1498
2026-05-26T18:00:00+00:00,496.15,498.59999999999997,495.05,498.37,1643
2026-05-26T18:30:00+00:00,498.37,499.96999999999997,497.68,498.49,1937
2026-05-26T19:00:00+00:00,498.49,506.45,498.09,502.90999999999997,3150
2026-05-26T19:30:00+00:00,502.90999999999997,505.26,502.36,503.38,3524
2026-05-27T13:30:00+00:00,503.38,509.44,490.25,501.44,5899
2026-05-27T14:00:00+00:00,501.44,501.99,486.44,487.90999999999997,3773
2026-05-27T14:30:00+00:00,487.90999999999997,497.39,486.3,491.59000000000003,3010.6073059360733
2026-05-27T15:00:00+00:00,491.59000000000003,493.04,487.37,490.27,2343
2026-05-27T15:30:00+00:00,490.27,491.73,487.67,491.19,1612
2026-05-27T16:00:00+00:00,491.19,496.40000000000003,490.71000000000004,494.23,1706
2026-05-27T16:30:00+00:00,494.23,496.62,492.08,492.59000000000003,1378
2026-05-27T17:00:00+00:00,492.59000000000003,494.42,488.85,493.43,1430
2026-05-27T17:30:00+00:00,493.43,494.8,492.12,493.88,1022
2026-05-27T18:00:00+00:00,493.88,498.25,493.26,497.97,1282
2026-05-27T18:30:00+00:00,497.97,498.26,495.68,496.18,1206
2026-05-27T19:00:00+00:00,496.18,496.74,494.17,494.61,1316
2026-05-27T19:30:00+00:00,494.61,497.19,494.27,495.23,2586
2026-05-28T13:30:00+00:00,495.23,507.09000000000003,493.72,496.1,4323
2026-05-28T14:00:00+00:00,496.1,507.36,493.14,504.76,4101
2026-05-28T14:30:00+00:00,504.76,511.84000000000003,504.49,511.12,3870
2026-05-28T15:00:00+00:00,511.12,523.35,510.73,523.09,4031
2026-05-28T15:30:00+00:00,523.09,526.52,516.87,517.29,3291
2026-05-28T16:00:00+00:00,517.29,519.01,516.16,518.25,2204
2026-05-28T16:30:00+00:00,518.25,521.96,517.09,521.79,1917
2026-05-28T17:00:00+00:00,521.79,521.97,518.17,518.23,1668
2026-05-28T17:30:00+00:00,518.23,520.79,516.14,517.2,1729
2026-05-28T18:00:00+00:00,517.2,519.88,516.47,518.87,1638
2026-05-28T18:30:00+00:00,518.87,519.4300000000001,517.07,518.39,1776
2026-05-28T19:00:00+00:00,518.39,520.14,516.13,517.41,2023
2026-05-28T19:30:00+00:00,517.41,519.71,516.27,517.59,2930
2026-05-29T13:30:00+00:00,517.59,520.84,515.08,519.65,3005
2026-05-29T14:00:00+00:00,519.65,521.44,508.45,511.82000000000005,3349
2026-05-29T14:30:00+00:00,511.82000000000005,514.9300000000001,507.14,513.65,2556.2745751416196
2026-05-29T15:00:00+00:00,513.65,514.3,511.00999999999993,512.12,1591
2026-05-29T15:30:00+00:00,512.12,513.12,509.9,510.28,1167
2026-05-29T16:00:00+00:00,510.28,513.0899999999999,510.00999999999993,511.04999999999995,1029
2026-05-29T16:30:00+00:00,511.04999999999995,511.62999999999994,507.34,508.5199999999999,1278
2026-05-29T17:00:00+00:00,508.5199999999999,508.63999999999993,503.12999999999994,503.91999999999996,1595
2026-05-29T17:30:00+00:00,503.91999999999996,506.11999999999995,502.93999999999994,503.0799999999999,1474
2026-05-29T18:00:00+00:00,503.0799999999999,506.22999999999996,502.93999999999994,505.62999999999994,1184
2026-05-29T18:30:00+00:00,505.62999999999994,507.16999999999996,503.75999999999993,504.37999999999994,1221
2026-05-29T19:00:00+00:00,504.37999999999994,505.84,503.66999999999996,505.66999999999996,1145
2026-05-29T19:30:00+00:00,505.66999999999996,516.1099999999999,505.53999999999996,515.63,2869
2026-06-01T13:30:00+00:00,515.63,515.63,486.30999999999995,487.42999999999995,5772
2026-06-01T14:00:00+00:00,487.42999999999995,503.23999999999995,486.28999999999996,501.17999999999995,3941
2026-06-01T14:30:00+00:00,501.17999999999995,509.23999999999995,500.28999999999996,508.28,3861
2026-06-01T15:00:00+00:00,508.28,515.6099999999999,507.2099999999999,512.8,3321
2026-06-01T15:30:00+00:00,512.8,516.8,509.11999999999995,509.53,2479
2026-06-01T16:00:00+00:00,509.53,511.65999999999997,506.4599999999999,506.55999999999995,1995
2026-06-01T16:30:00+00:00,506.55999999999995,510.24999999999994,505.56999999999994,508.59,1829
2026-06-01T17:00:00+00:00,508.59,511.66999999999996,506.0199999999999,511.46999999999997,1754
2026-06-01T17:30:00+00:00,511.46999999999997,513.0899999999999,509.62999999999994,512.78,1957
2026-06-01T18:00:00+00:00,512.78,515.17,511.78999999999996,512.87,1697
2026-06-01T18:30:00+00:00,512.87,513.3299999999999,510.50999999999993,511.53999999999996,1508
2026-06-01T19:00:00+00:00,511.53999999999996,513.2399999999999,510.40999999999997,511.59999999999997,2193
2026-06-01T19:30:00+00:00,511.59999999999997,512.1099999999999,508.31999999999994,509.75999999999993,2970
2026-06-02T13:30:00+00:00,509.75999999999993,519.3,500.7099999999999,518.3499999999999,3263
2026-06-02T14:00:00+00:00,518.3499999999999,518.7299999999999,503.05999999999995,504.56999999999994,2540
2026-06-02T14:30:00+00:00,504.56999999999994,508.50999999999993,504.50999999999993,507.4,2166
2026-06-02T15:00:00+00:00,507.4,512.29,506.29999999999995,512.2199999999999,1659
2026-06-02T15:30:00+00:00,512.2199999999999,517.15,511.54999999999995,516.05,1655
2026-06-02T16:00:00+00:00,516.05,517.8,511.78,512.0999999999999,1382
2026-06-02T16:30:00+00:00,512.0999999999999,514.8299999999999,512.01,513.87,1102
2026-06-02T17:00:00+00:00,513.87,514.77,510.90999999999997,511.69999999999993,1155
2026-06-02T17:30:00+00:00,511.69999999999993,514.64,510.62999999999994,514.16,1299
2026-06-02T18:00:00+00:00,514.16,515.8499999999999,512.25,515.2199999999999,1374
2026-06-02T18:30:00+00:00,515.2199999999999,516.81,513.41,514.42,1385
2026-06-02T19:00:00+00:00,514.42,517.9,514.31,516.4699999999999,1500
2026-06-02T19:30:00+00:00,516.4699999999999,521.92,515.31,520.91,2788
2026-06-03T13:30:00+00:00,520.91,543.41,520.91,529.2099999999999,4744
2026-06-03T14:00:00+00:00,529.2099999999999,538.91,528.51,535.3299999999999,2777
2026-06-03T14:30:00+00:00,535.3299999999999,537.3299999999999,527.9399999999998,529.7399999999999,2093.398398718975
2026-06-03T15:00:00+00:00,529.7399999999999,538.7299999999999,527.9799999999999,530.7099999999998,2202
2026-06-03T15:30:00+00:00,530.7099999999998,536.2699999999999,528.7299999999999,531.7499999999999,1860
2026-06-03T16:00:00+00:00,531.7499999999999,534.4799999999999,529.1299999999999,530.7699999999999,1476
2026-06-03T16:30:00+00:00,530.7699999999999,534.4399999999998,529.7299999999999,534.3799999999999,1480
2026-06-03T17:00:00+00:00,534.3799999999999,534.3999999999999,530.4299999999998,533.6599999999999,1301
2026-06-03T17:30:00+00:00,533.6599999999999,540.8999999999999,531.9799999999999,540.4499999999998,1790
2026-06-03T18:00:00+00:00,540.4499999999998,544.6499999999999,537.5599999999998,544.2399999999999,1710
2026-06-03T18:30:00+00:00,544.2399999999999,545.3799999999999,539.5199999999999,540.5299999999999,1763
2026-06-03T19:00:00+00:00,540.5299999999999,542.1499999999999,535.4799999999999,538.3399999999999,1563
2026-06-03T19:30:00+00:00,538.3399999999999,543.5999999999999,537.9999999999999,542.0599999999998,2737
2026-06-04T13:30:00+00:00,542.0599999999998,542.0599999999998,502.42999999999984,502.42999999999984,4605
2026-06-04T14:00:00+00:00,502.42999999999984,515.3299999999998,498.82999999999987,515.2699999999999,4168
2026-06-04T14:30:00+00:00,515.2699999999999,520.3699999999999,512.1099999999999,519.8399999999999,2744
2026-06-04T15:00:00+00:00,519.8399999999999,525.4199999999998,518.4499999999998,522.9199999999998,2554
2026-06-04T15:30:00+00:00,522.9199999999998,523.9899999999999,518.5299999999999,520.9199999999998,1831
2026-06-04T16:00:00+00:00,520.9199999999998,523.9799999999999,518.7399999999999,523.6699999999998,1361
2026-06-04T16:30:00+00:00,523.6699999999998,523.8999999999999,520.2499999999999,522.8699999999999,1347
2026-06-04T17:00:00+00:00,522.8699999999999,524.6499999999999,522.0299999999999,523.8099999999998,1362
2026-06-04T17:30:00+00:00,523.8099999999998,527.7799999999999,523.2699999999999,527.0499999999998,1350
2026-06-04T18:00:00+00:00,527.0499999999998,531.3199999999998,527.0099999999999,529.5199999999999,1707
2026-06-04T18:30:00+00:00,529.5199999999999,529.7099999999998,524.6999999999998,525.5899999999999,1526
2026-06-04T19:00:00+00:00,525.5899999999999,526.8999999999999,522.1499999999999,526.4399999999998,1347
2026-06-04T19:30:00+00:00,526.4399999999998,530.1399999999999,520.9999999999999,522.5999999999999,2789
2026-06-05T13:30:00+00:00,522.5999999999999,522.5999999999999,484.4499999999999,484.45999999999987,6161
2026-06-05T14:00:00+00:00,484.45999999999987,494.3999999999999,483.32999999999987,486.4599999999999,3734.8237275160072
2026-06-05T14:30:00+00:00,486.4599999999999,501.8899999999998,486.0199999999999,495.29999999999984,2786.3092800781355
2026-06-05T15:00:00+00:00,495.29999999999984,495.72999999999985,483.4699999999999,484.05999999999995,2867.998366716668
2026-06-05T15:30:00+00:00,484.05999999999995,486.29999999999995,480.86999999999995,483.68999999999994,3475
2026-06-05T16:00:00+00:00,483.68999999999994,483.68999999999994,475.49999999999994,475.6599999999999,4012
2026-06-05T16:30:00+00:00,475.6599999999999,476.3499999999999,468.6599999999999,474.42999999999995,5006
2026-06-05T17:00:00+00:00,474.42999999999995,474.8399999999999,469.75999999999993,472.88999999999993,3519
2026-06-05T17:30:00+00:00,472.88999999999993,476.4099999999999,470.7899999999999,475.3999999999999,3305
2026-06-05T18:00:00+00:00,475.3999999999999,476.1499999999999,465.98999999999995,467.44999999999993,3582
2026-06-05T18:30:00+00:00,467.44999999999993,468.9099999999999,461.8299999999999,468.80999999999995,4664
2026-06-05T19:00:00+00:00,468.80999999999995,470.5999999999999,462.7699999999999,470.1699999999999,4087
2026-06-05T19:30:00+00:00,470.1699999999999,474.0999999999999,463.00999999999993,464.87999999999994,5476
2026-06-08T13:30:00+00:00,464.87999999999994,488.10999999999996,464.87999999999994,476.1699999999999,4944
2026-06-08T14:00:00+00:00,476.1699999999999,486.74999999999994,475.67999999999995,485.00999999999993,3354
2026-06-08T14:30:00+00:00,485.00999999999993,489.37999999999994,483.9699999999999,487.68999999999994,2824
2026-06-08T15:00:00+00:00,487.68999999999994,492.1599999999999,487.42999999999995,487.88999999999993,2823
2026-06-08T15:30:00+00:00,487.88999999999993,490.13999999999993,485.8399999999999,487.35999999999996,2375
2026-06-08T16:00:00+00:00,487.35999999999996,488.99999999999994,485.2799999999999,485.67999999999995,1750
2026-06-08T16:30:00+00:00,485.67999999999995,491.18999999999994,485.5799999999999,488.86999999999995,1819
2026-06-08T17:00:00+00:00,488.86999999999995,488.86999999999995,484.2699999999999,488.3499999999999,1898
2026-06-08T17:30:00+00:00,488.3499999999999,489.88999999999993,485.5299999999999,488.5899999999999,1483
2026-06-08T18:00:00+00:00,488.5899999999999,491.68999999999994,488.44999999999993,489.99999999999994,1454
2026-06-08T18:30:00+00:00,489.99999999999994,492.80999999999995,488.5199999999999,489.4799999999999,1632
2026-06-08T19:00:00+00:00,489.4799999999999,489.7799999999999,484.05999999999995,485.93999999999994,2008
2026-06-08T19:30:00+00:00,485.93999999999994,489.2299999999999,485.2199999999999,487.9099999999999,3182
2026-06-09T13:30:00+00:00,487.9099999999999,501.7899999999999,485.4699999999999,486.92999999999995,5570
2026-06-09T14:00:00+00:00,486.92999999999995,492.7099999999999,482.06999999999994,484.85999999999996,5433
2026-06-09T14:30:00+00:00,484.85999999999996,486.63999999999993,471.5299999999999,475.9699999999999,5213
2026-06-09T15:00:00+00:00,475.9699999999999,479.9199999999999,463.31999999999994,463.98999999999995,3122
2026-06-09T15:30:00+00:00,463.98999999999995,469.38999999999993,456.9799999999999,457.6699999999999,4388
2026-06-09T16:00:00+00:00,457.6699999999999,459.92999999999995,441.30999999999995,444.93999999999994,5647
2026-06-09T16:30:00+00:00,444.93999999999994,446.2099999999999,435.11999999999995,443.9799999999999,5748
2026-06-09T17:00:00+00:00,443.9799999999999,457.10999999999996,443.0899999999999,456.19999999999993,4263
2026-06-09T17:30:00+00:00,456.19999999999993,462.0299999999999,453.2099999999999,458.31999999999994,3454
2026-06-09T18:00:00+00:00,458.31999999999994,463.86999999999995,455.99999999999994,463.67999999999995,2910
2026-06-09T18:30:00+00:00,463.67999999999995,467.0399999999999,461.99999999999994,466.05999999999995,2590
2026-06-09T19:00:00+00:00,466.05999999999995,468.98999999999995,458.37999999999994,465.18999999999994,3612
2026-06-09T19:30:00+00:00,465.18999999999994,474.0299999999999,461.9699999999999,473.73999999999995,4439
2026-06-10T13:30:00+00:00,473.73999999999995,475.10999999999996,462.04999999999995,464.94999999999993,5122
2026-06-10T14:00:00+00:00,464.94999999999993,473.1499999999999,462.9799999999999,471.0299999999999,3899
2026-06-10T14:30:00+00:00,471.0299999999999,474.05999999999995,459.81999999999994,461.7699999999999,3407.491382612026
2026-06-10T15:00:00+00:00,461.7699999999999,464.18999999999994,449.49999999999994,454.87999999999994,3911
2026-06-10T15:30:00+00:00,454.87999999999994,459.5399999999999,450.38999999999993,458.88999999999993,2735
2026-06-10T16:00:00+00:00,458.88999999999993,459.88999999999993,452.5899999999999,453.7199999999999,2053
2026-06-10T16:30:00+00:00,453.7199999999999,457.56999999999994,451.0899999999999,452.36999999999995,2207
2026-06-10T17:00:00+00:00,452.36999999999995,454.37999999999994,449.5899999999999,451.6499999999999,2054
2026-06-10T17:30:00+00:00,451.6499999999999,457.05999999999995,450.4599999999999,456.2199999999999,2104
2026-06-10T18:00:00+00:00,456.2199999999999,457.41999999999996,452.17999999999995,452.87999999999994,1801
2026-06-10T18:30:00+00:00,452.87999999999994,453.29999999999995,448.9099999999999,450.0399999999999,2106
2026-06-10T19:00:00+00:00,450.0399999999999,452.75999999999993,446.43999999999994,448.93999999999994,2737
2026-06-10T19:30:00+00:00,448.93999999999994,453.72999999999996,448.0899999999999,449.91999999999996,3879
2026-06-11T13:30:00+00:00,449.91999999999996,477.05999999999995,449.91999999999996,474.3299999999999,4710
2026-06-11T14:00:00+00:00,474.3299999999999,477.99999999999994,464.5899999999999,470.37999999999994,4245
2026-06-11T14:30:00+00:00,470.37999999999994,472.91999999999996,461.5899999999999,463.00999999999993,2747
2026-06-11T15:00:00+00:00,463.00999999999993,467.25999999999993,459.60999999999996,464.60999999999996,2535
2026-06-11T15:30:00+00:00,464.60999999999996,467.5999999999999,461.38999999999993,463.80999999999995,2032
2026-06-11T16:00:00+00:00,463.80999999999995,466.6599999999999,462.5899999999999,462.60999999999996,1722
2026-06-11T16:30:00+00:00,462.60999999999996,466.37999999999994,460.0999999999999,460.11999999999995,1409
2026-06-11T17:00:00+00:00,460.11999999999995,468.1599999999999,456.0899999999999,467.91999999999996,2124
2026-06-11T17:30:00+00:00,467.91999999999996,476.0999999999999,467.8999999999999,473.16999999999996,2801
2026-06-11T18:00:00+00:00,473.16999999999996,475.7799999999999,469.4599999999999,474.72999999999996,2038
2026-06-11T18:30:00+00:00,474.72999999999996,479.75999999999993,474.25999999999993,479.4599999999999,1888
2026-06-11T19:00:00+00:00,479.4599999999999,486.12999999999994,477.8399999999999,484.54999999999995,2534
2026-06-11T19:30:00+00:00,484.54999999999995,488.4099999999999,483.5999999999999,486.48999999999995,4472
2026-06-12T13:30:00+00:00,486.48999999999995,511.1899999999999,486.48999999999995,507.2799999999999,9421
2026-06-12T14:00:00+00:00,507.2799999999999,515.5199999999999,507.2699999999999,511.5099999999999,3965
2026-06-12T14:30:00+00:00,511.5099999999999,514.7699999999999,504.8799999999999,511.0999999999999,3508.888250140213
2026-06-12T15:00:00+00:00,511.0999999999999,514.4899999999999,508.6199999999999,512.8599999999999,2332
2026-06-12T15:30:00+00:00,512.8599999999999,514.3599999999999,502.83999999999986,503.6199999999999,3816
2026-06-12T16:00:00+00:00,503.6199999999999,512.2699999999999,502.6799999999999,510.9899999999999,4340
2026-06-12T16:30:00+00:00,510.9899999999999,512.1499999999999,508.53999999999985,511.8599999999999,3113
2026-06-12T17:00:00+00:00,511.8599999999999,517.8899999999999,511.55999999999983,517.2899999999998,3118
2026-06-12T17:30:00+00:00,517.2899999999998,519.7099999999999,515.3799999999999,517.4599999999999,3258
2026-06-12T18:00:00+00:00,517.4599999999999,517.6899999999998,510.16999999999985,512.7899999999998,3438
2026-06-12T18:30:00+00:00,512.7899999999998,514.8099999999998,510.6899999999998,511.5999999999999,2984
2026-06-12T19:00:00+00:00,511.5999999999999,514.6199999999999,510.6999999999998,510.77999999999986,3089
2026-06-12T19:30:00+00:00,510.77999999999986,513.6999999999998,508.3199999999999,509.96999999999986,5020
2026-06-15T13:30:00+00:00,509.96999999999986,556.3099999999998,509.96999999999986,546.6199999999999,6251
2026-06-15T14:00:00+00:00,546.6199999999999,552.7099999999999,545.7999999999998,548.6199999999999,4023
2026-06-15T14:30:00+00:00,548.6199999999999,550.5799999999998,543.5999999999999,547.0899999999999,2696
2026-06-15T15:00:00+00:00,547.0899999999999,550.5399999999998,546.1099999999999,547.5599999999998,1897
2026-06-15T15:30:00+00:00,547.5599999999998,548.0699999999998,544.1599999999999,545.1199999999999,1793
2026-06-15T16:00:00+00:00,545.1199999999999,549.6599999999999,543.9999999999999,548.9899999999999,1522
2026-06-15T16:30:00+00:00,548.9899999999999,549.7799999999999,546.5299999999999,547.3499999999999,1420
2026-06-15T17:00:00+00:00,547.3499999999999,548.1799999999998,545.0999999999999,546.5099999999999,1235
2026-06-15T17:30:00+00:00,546.5099999999999,548.7299999999999,545.7999999999998,547.0999999999999,1171
2026-06-15T18:00:00+00:00,547.0999999999999,547.8999999999999,544.5999999999999,545.0199999999999,1278
2026-06-15T18:30:00+00:00,545.0199999999999,546.9799999999999,544.3499999999999,544.3699999999999,1265
2026-06-15T19:00:00+00:00,544.3699999999999,545.4899999999999,541.5999999999999,543.5499999999998,1765
2026-06-15T19:30:00+00:00,543.5499999999998,547.1599999999999,543.3499999999999,545.4299999999998,2984
2026-06-16T13:30:00+00:00,545.4299999999998,546.6799999999998,536.8999999999999,537.8399999999999,3300
2026-06-16T14:00:00+00:00,537.8399999999999,539.5399999999998,525.4099999999999,526.2499999999999,3253
2026-06-16T14:30:00+00:00,526.2499999999999,529.5199999999999,519.1799999999998,520.6799999999998,2985
2026-06-16T15:00:00+00:00,520.6799999999998,527.2699999999999,517.7099999999999,519.5999999999999,2343
2026-06-16T15:30:00+00:00,519.5999999999999,522.0699999999998,513.6099999999999,518.1199999999999,2569
2026-06-16T16:00:00+00:00,518.1199999999999,523.1899999999998,517.9599999999999,520.9199999999998,1673
2026-06-16T16:30:00+00:00,520.9199999999998,520.9899999999999,515.4299999999998,519.8699999999999,1585
2026-06-16T17:00:00+00:00,519.8699999999999,520.1099999999999,517.0199999999999,518.6899999999998,1295
2026-06-16T17:30:00+00:00,518.6899999999998,520.8099999999998,515.5999999999999,518.7399999999999,1512
2026-06-16T18:00:00+00:00,518.7399999999999,519.5799999999998,516.3199999999998,516.9699999999999,1401
2026-06-16T18:30:00+00:00,516.9699999999999,517.0299999999999,513.1999999999998,514.2199999999999,1458
2026-06-16T19:00:00+00:00,514.2199999999999,517.8799999999999,510.39999999999986,515.3499999999999,2002
2026-06-16T19:30:00+00:00,515.3499999999999,516.2699999999999,505.1799999999999,505.90999999999985,3596
2026-06-17T13:30:00+00:00,505.90999999999985,526.6199999999999,505.39999999999986,506.4499999999999,8402
2026-06-17T14:00:00+00:00,506.4499999999999,520.0099999999999,505.84999999999985,519.4299999999998,7638
2026-06-17T14:30:00+00:00,519.4299999999998,521.9999999999999,514.1299999999999,517.56,5596.791242227808
2026-06-17T15:00:00+00:00,517.56,522.77,517.48,521.18,3916
2026-06-17T15:30:00+00:00,521.18,522.82,520.34,522.35,2711
2026-06-17T16:00:00+00:00,522.35,523.41,519.62,521.06,2075
2026-06-17T16:30:00+00:00,521.06,521.76,519.29,519.96,1760
2026-06-17T17:00:00+00:00,519.96,523.68,518.46,523.34,2426
2026-06-17T17:30:00+00:00,523.34,523.34,519.77,522.03,1811
2026-06-17T18:00:00+00:00,522.03,522.38,509.73,517.39,8187
2026-06-17T18:30:00+00:00,517.39,530.65,516.33,520.34,8388
2026-06-17T19:00:00+00:00,520.34,523.85,513.51,515.07,8410
2026-06-17T19:30:00+00:00,515.07,517.01,509.32,510.37,9777
2026-06-18T13:30:00+00:00,510.37,533.93,510.37,528.34,9105
2026-06-18T14:00:00+00:00,528.34,535.02,526.83,529.16,7654
2026-06-18T14:30:00+00:00,529.16,532.27,526.42,531.65,4855.049782639181
2026-06-18T15:00:00+00:00,531.65,537.8199999999999,529.6,529.85,4562
2026-06-18T15:30:00+00:00,529.85,533.37,524.6999999999999,533.37,3839
2026-06-18T16:00:00+00:00,533.37,534.67,530.78,532.91,2888
2026-06-18T16:30:00+00:00,532.91,533.09,530.88,532.27,2196
2026-06-18T17:00:00+00:00,532.27,533.05,530.6999999999999,531.79,1819
2026-06-18T17:30:00+00:00,531.79,533.85,531.51,532.42,1684
2026-06-18T18:00:00+00:00,532.42,532.99,530.15,531.36,1832
2026-06-18T18:30:00+00:00,531.36,531.37,527.4499999999999,529.48,2035
2026-06-18T19:00:00+00:00,529.48,532.51,528.35,529.1999999999999,2885
2026-06-18T19:30:00+00:00,529.1999999999999,537.9,528.85,534.81,3836
2026-06-22T13:30:00+00:00,534.81,560.79,533.61,555.5699999999999,7387
2026-06-22T14:00:00+00:00,555.5699999999999,556.65,541.41,542.42,5630
2026-06-22T14:30:00+00:00,542.42,544.78,538.99,543.71,4342
2026-06-22T15:00:00+00:00,543.71,546.98,542.63,543.34,3139
2026-06-22T15:30:00+00:00,543.34,544.12,535.37,535.9399999999999,2898
2026-06-22T16:00:00+00:00,535.9399999999999,540.97,534.96,540.67,2444
2026-06-22T16:30:00+00:00,540.67,543.37,537.64,542.34,2035
2026-06-22T17:00:00+00:00,542.34,543.0699999999999,539.85,541.78,1282
2026-06-22T17:30:00+00:00,541.78,545.28,540.84,543.98,1458
2026-06-22T18:00:00+00:00,543.98,544.92,543.26,544.21,1286
2026-06-22T18:30:00+00:00,544.21,545.84,542.41,543.43,1719
2026-06-22T19:00:00+00:00,543.43,546,542.3299999999999,542.37,1919
2026-06-22T19:30:00+00:00,542.37,550.37,542.36,550.28,3009
2026-06-23T13:30:00+00:00,550.28,550.28,505.25,521.66,6302
2026-06-23T14:00:00+00:00,521.66,524.46,518.35,520.99,5000
2026-06-23T14:30:00+00:00,520.99,524.8299999999999,516.86,520.12,3918
2026-06-23T15:00:00+00:00,520.12,522.18,514.9,516.01,3571
2026-06-23T15:30:00+00:00,516.01,520.86,515.75,520.62,3155
2026-06-23T16:00:00+00:00,520.62,526.73,519.79,524.0799999999999,2598
2026-06-23T16:30:00+00:00,524.0799999999999,524.65,518.47,520.15,2281
2026-06-23T17:00:00+00:00,520.15,523.39,518.47,522.15,2140
2026-06-23T17:30:00+00:00,522.15,522.6899999999999,517.11,517.11,1903
2026-06-23T18:00:00+00:00,517.11,519.25,516.36,517.99,2068
2026-06-23T18:30:00+00:00,517.99,518.63,511.85,513.77,2587
2026-06-23T19:00:00+00:00,513.77,519.61,513.36,517.76,4243
2026-06-23T19:30:00+00:00,517.76,519.5,514.52,517.5799999999999,5047
2026-06-24T13:30:00+00:00,517.5799999999999,522.96,508.09,519.46,9232
2026-06-24T14:00:00+00:00,519.46,522.1999999999999,509.96,518.35,7925
2026-06-24T14:30:00+00:00,518.35,523.11,514.9,518.31,6357.033606204222
2026-06-24T15:00:00+00:00,518.31,519.9699999999999,512.9,517.92,5696
2026-06-24T15:30:00+00:00,517.92,520.67,514.87,518.38,4922
2026-06-24T16:00:00+00:00,518.38,520.61,517.37,520.14,3870
2026-06-24T16:30:00+00:00,520.14,520.27,513.38,514.41,4341
2026-06-24T17:00:00+00:00,514.41,516.04,506.53,506.71999999999997,5363
2026-06-24T17:30:00+00:00,506.71999999999997,509.48999999999995,505.59,507.08,6104
2026-06-24T18:00:00+00:00,507.08,514.0999999999999,507.08,513.49,5383
2026-06-24T18:30:00+00:00,513.49,513.89,503.76,504.52,5645
2026-06-24T19:00:00+00:00,504.52,510.02,501.85999999999996,509.36999999999995,6762
2026-06-24T19:30:00+00:00,509.36999999999995,518.4499999999999,508.36999999999995,517.38,7169
2026-06-25T13:30:00+00:00,517.38,548.91,505.24999999999994,505.90999999999997,12377
2026-06-25T14:00:00+00:00,505.90999999999997,521.54,505.90999999999997,515.37,11354
2026-06-25T14:30:00+00:00,515.37,521.8199999999999,514.0699999999999,516.9499999999999,5490
2026-06-25T15:00:00+00:00,516.9499999999999,521.88,512.4399999999999,515.42,2174
2026-06-25T15:30:00+00:00,515.42,520.0899999999999,515.42,517.25,1700
2026-06-25T16:00:00+00:00,517.25,529.6899999999999,516.93,526.76,2282
2026-06-25T16:30:00+00:00,526.76,526.76,517.9699999999999,521.88,1867
2026-06-25T17:00:00+00:00,521.88,526.8399999999999,521.38,525.9699999999999,1644
2026-06-25T17:30:00+00:00,525.9699999999999,528.0999999999999,523.62,527.61,1471
2026-06-25T18:00:00+00:00,527.61,527.99,523.64,524.92,1720
2026-06-25T18:30:00+00:00,524.92,524.9399999999999,520.29,523.43,1714
2026-06-25T19:00:00+00:00,523.43,523.7099999999999,519.38,522.54,1751
2026-06-25T19:30:00+00:00,522.54,531.0899999999999,520.86,530.23,2934
2026-06-26T13:30:00+00:00,530.23,530.23,500.93999999999994,514.54,4224
2026-06-26T14:00:00+00:00,514.54,523.36,514.53,520.8399999999999,3228
2026-06-26T14:30:00+00:00,520.8399999999999,521.77,514.13,514.6399999999999,2670.8169743657854
2026-06-26T15:00:00+00:00,514.6399999999999,516.5899999999999,509.33999999999986,513.9399999999998,2610
2026-06-26T15:30:00+00:00,513.9399999999998,519.7099999999999,512.4599999999999,518.0799999999999,2361
2026-06-26T16:00:00+00:00,518.0799999999999,519.4399999999998,514.4599999999999,517.3799999999999,2028
2026-06-26T16:30:00+00:00,517.3799999999999,520.5499999999998,516.9299999999998,517.6299999999999,1628
2026-06-26T17:00:00+00:00,517.6299999999999,521.5199999999999,516.8199999999999,519.5699999999999,2002
2026-06-26T17:30:00+00:00,519.5699999999999,523.0399999999998,517.4599999999999,517.5699999999999,1816
2026-06-26T18:00:00+00:00,517.5699999999999,518.9999999999999,515.3399999999999,515.7399999999999,1659
2026-06-26T18:30:00+00:00,515.7399999999999,517.9399999999998,514.2899999999998,516.1099999999999,1947
2026-06-26T19:00:00+00:00,516.1099999999999,519.8299999999999,514.2799999999999,517.5399999999998,2473
2026-06-26T19:30:00+00:00,517.5399999999998,522.9499999999999,511.65999999999985,519.0999999999999,3550
2026-06-29T13:30:00+00:00,519.0999999999999,533.3699999999999,510.3199999999999,511.19999999999993,7369
2026-06-29T14:00:00+00:00,511.19999999999993,513.5799999999999,493.8099999999999,504.9499999999999,8727
2026-06-29T14:30:00+00:00,504.9499999999999,512.8399999999999,502.02999999999986,512.6999999999999,5950
2026-06-29T15:00:00+00:00,512.6999999999999,521.4099999999999,510.94999999999993,520.5899999999999,5242
2026-06-29T15:30:00+00:00,520.5899999999999,523.7199999999999,517.7099999999999,522.3099999999998,3384
2026-06-29T16:00:00+00:00,522.3099999999998,528.4699999999999,521.9599999999999,526.9699999999999,3306
2026-06-29T16:30:00+00:00,526.9699999999999,531.0799999999999,526.2799999999999,530.0199999999999,2466
2026-06-29T17:00:00+00:00,530.0199999999999,540.3499999999999,530.0199999999999,539.5499999999998,2814
2026-06-29T17:30:00+00:00,539.5499999999998,540.3699999999999,534.4799999999999,538.0699999999999,2416
2026-06-29T18:00:00+00:00,538.0699999999999,539.8699999999999,535.3599999999999,535.4799999999999,2049
2026-06-29T18:30:00+00:00,535.4799999999999,539.3299999999999,535.4599999999999,535.9299999999998,2208
2026-06-29T19:00:00+00:00,535.9299999999998,536.5799999999999,533.5399999999998,535.2599999999999,2391
2026-06-29T19:30:00+00:00,535.2599999999999,538.5799999999999,534.2099999999999,538.1099999999999,3700
2026-06-30T13:30:00+00:00,538.1099999999999,562.9599999999999,538.1099999999999,554.9199999999998,6421
2026-06-30T14:00:00+00:00,554.9199999999998,557.9799999999999,550.6699999999998,555.2599999999999,4262
2026-06-30T14:30:00+00:00,555.2599999999999,558.5399999999998,553.5099999999999,555.3799999999999,3226
2026-06-30T15:00:00+00:00,555.3799999999999,564.5499999999998,555.0099999999999,563.3899999999999,3166
2026-06-30T15:30:00+00:00,563.3899999999999,577.1599999999999,562.7099999999999,575.7799999999999,3090
2026-06-30T16:00:00+00:00,575.7799999999999,577.9999999999999,573.4699999999999,575.6399999999999,2302
2026-06-30T16:30:00+00:00,575.6399999999999,579.7099999999999,574.4799999999999,578.0199999999999,1793
2026-06-30T17:00:00+00:00,578.0199999999999,580.9899999999999,576.6499999999999,578.1099999999999,1781
2026-06-30T17:30:00+00:00,578.1099999999999,580.0699999999999,576.2699999999999,578.1799999999998,1632
2026-06-30T18:00:00+00:00,578.1799999999998,580.4899999999999,576.4899999999999,580.1899999999998,1530
2026-06-30T18:30:00+00:00,580.1899999999998,582.2399999999999,579.3999999999999,579.8699999999999,1865
2026-06-30T19:00:00+00:00,579.8699999999999,582.9599999999999,579.2699999999999,581.3199999999999,2053
2026-06-30T19:30:00+00:00,581.3199999999999,582.6999999999999,578.4799999999999,579.6899999999998,3539
2026-07-01T13:30:00+00:00,579.6899999999998,579.6899999999998,547.4099999999999,557.6999999999999,7840
2026-07-01T14:00:00+00:00,557.6999999999999,559.6099999999999,551.1999999999999,555.2299999999999,4651
2026-07-01T14:30:00+00:00,555.2299999999999,555.6499999999999,545.4599999999999,548.05,5042.655157531291
2026-07-01T15:00:00+00:00,548.05,555.1099999999999,547.5099999999999,552.03,4101
2026-07-01T15:30:00+00:00,552.03,554.3499999999999,546.1399999999999,548.2699999999999,3464
2026-07-01T16:00:00+00:00,548.2699999999999,550.4499999999999,547.1199999999999,549.0699999999999,2929
2026-07-01T16:30:00+00:00,549.0699999999999,551.66,548.0899999999999,550.28,2643
2026-07-01T17:00:00+00:00,550.28,553.0199999999999,547.04,551.6099999999999,2734
2026-07-01T17:30:00+00:00,551.6099999999999,552.1299999999999,546.81,547.1099999999999,2539
2026-07-01T18:00:00+00:00,547.1099999999999,548.7299999999999,545.43,545.9,2589
2026-07-01T18:30:00+00:00,545.9,546.8899999999999,541.06,543.29,2725
2026-07-01T19:00:00+00:00,543.29,549.4,542.53,548.0799999999999,3303
2026-07-01T19:30:00+00:00,548.0799999999999,550.8699999999999,536.7099999999999,539.4699999999999,5022
2026-07-02T13:30:00+00:00,539.4699999999999,542.68,523.9799999999999,541.8499999999999,6376
2026-07-02T14:00:00+00:00,541.8499999999999,545.4499999999999,525.3799999999999,525.9399999999999,4986
2026-07-02T14:30:00+00:00,525.9399999999999,527.4899999999999,513.54,519.01,6514.982007710981
2026-07-02T15:00:00+00:00,519.01,519.23,512.27,515.86,5472
2026-07-02T15:30:00+00:00,515.86,524.4399999999999,515.86,517.36,4686
2026-07-02T16:00:00+00:00,517.36,520.18,512.87,512.88,3913
2026-07-02T16:30:00+00:00,512.88,514.18,508.72999999999996,509.73999999999995,3930
2026-07-02T17:00:00+00:00,509.73999999999995,512.47,507.97999999999996,510.81999999999994,3757
2026-07-02T17:30:00+00:00,510.81999999999994,512.0699999999999,506.10999999999996,506.57,4065
2026-07-02T18:00:00+00:00,506.57,513.39,506.34,512.84,3623
2026-07-02T18:30:00+00:00,512.84,515.4399999999999,509.23999999999995,512.8,3449
2026-07-02T19:00:00+00:00,512.8,513.13,504.17999999999995,507.94,4305
2026-07-02T19:30:00+00:00,507.94,516.41,507.27,515.03,4825
2026-07-06T13:30:00+00:00,515.03,560.51,515.03,558.15,4986
2026-07-06T14:00:00+00:00,558.15,569.91,557.31,564.26,3838
2026-07-06T14:30:00+00:00,564.26,570.27,563.42,564.8299999999999,2848
2026-07-06T15:00:00+00:00,564.8299999999999,568.36,557.7099999999999,567.65,2813
2026-07-06T15:30:00+00:00,567.65,569.62,563.56,564.11,1824
2026-07-06T16:00:00+00:00,564.11,564.25,560,560.84,1516
2026-07-06T16:30:00+00:00,560.84,561.28,555.66,556.26,1565
2026-07-06T17:00:00+00:00,556.26,557.5,551.55,554.5799999999999,1596
2026-07-06T17:30:00+00:00,554.5799999999999,555.91,550.03,550.5699999999999,1429
2026-07-06T18:00:00+00:00,550.5699999999999,555.55,550.51,552.42,1444
2026-07-06T18:30:00+00:00,552.42,553.98,549.74,551.72,1169
2026-07-06T19:00:00+00:00,551.72,555.6,550.76,554.31,1744
2026-07-06T19:30:00+00:00,554.31,556.8299999999999,549.47,550.78,2797
2026-07-07T13:30:00+00:00,550.78,550.78,508.02,511.53999999999996,5254
2026-07-07T14:00:00+00:00,511.53999999999996,514.42,504.01,508.23999999999995,3842
2026-07-07T14:30:00+00:00,508.23999999999995,511.30999999999995,501.28999999999996,506.46999999999997,3645
2026-07-07T15:00:00+00:00,506.46999999999997,509.25,503.23999999999995,509.15,2603
2026-07-07T15:30:00+00:00,509.15,513.99,507.07,513.54,2129
2026-07-07T16:00:00+00:00,513.54,523.0699999999999,512.8,521.9499999999999,2694
2026-07-07T16:30:00+00:00,521.9499999999999,522.39,517.24,519.8299999999999,1934
2026-07-07T17:00:00+00:00,519.8299999999999,521.27,517.42,519.23,1436
2026-07-07T17:30:00+00:00,519.23,520.86,518.4399999999999,520.3199999999999,1180
2026-07-07T18:00:00+00:00,520.3199999999999,521.56,518.4499999999999,519.53,1271
2026-07-07T18:30:00+00:00,519.53,520.9499999999999,514.74,514.8199999999999,1738
2026-07-07T19:00:00+00:00,514.8199999999999,516.6999999999999,506.29999999999995,508.34999999999997,2739
2026-07-07T19:30:00+00:00,508.34999999999997,515,506.77,514.98,3236
2026-07-08T13:30:00+00:00,514.98,520.98,501.39,517.75,7692
2026-07-08T14:00:00+00:00,517.75,519.09,509.73999999999995,513.29,7864
2026-07-08T14:30:00+00:00,513.29,514.5799999999999,504.72999999999996,508.35999999999996,6638.608310888803
2026-07-08T15:00:00+00:00,508.35999999999996,509.29999999999995,496.35999999999996,499.44,5495
2026-07-08T15:30:00+00:00,499.44,504.69,498.80999999999995,500.84,5006
2026-07-08T16:00:00+00:00,500.84,509.84,500.58,508.40999999999997,3715
2026-07-08T16:30:00+00:00,508.40999999999997,511.35999999999996,506.59999999999997,510.54,3893
2026-07-08T17:00:00+00:00,510.54,513.25,507.85999999999996,512.64,2323
2026-07-08T17:30:00+00:00,512.64,513.48,508.57000000000005,509.92,2424
2026-07-08T18:00:00+00:00,509.92,512.74,508.8,510.49,2568
2026-07-08T18:30:00+00:00,510.49,514.38,508.8,512.85,2832
2026-07-08T19:00:00+00:00,512.85,515.11,511.44000000000005,514.65,1941
2026-07-08T19:30:00+00:00,514.65,517.28,511.36,515.53,3490
2026-07-09T13:30:00+00:00,515.53,556.1,515.53,554.35,9457
2026-07-09T14:00:00+00:00,554.35,556.77,544.33,553.03,8548
2026-07-09T14:30:00+00:00,553.03,557.76,550.86,551.73,6200
2026-07-09T15:00:00+00:00,551.73,555.23,550.2,552.39,3609
2026-07-09T15:30:00+00:00,552.39,554.8000000000001,550.49,553.99,2482
2026-07-09T16:00:00+00:00,553.99,557.33,549.3100000000001,549.75,2321
2026-07-09T16:30:00+00:00,549.75,551.47,546.85,549.36,2046
2026-07-09T17:00:00+00:00,549.36,551,547.0400000000001,547.7900000000001,1969
2026-07-09T17:30:00+00:00,547.7900000000001,548.51,544.78,546.5500000000001,2459
2026-07-09T18:00:00+00:00,546.5500000000001,547.35,543.07,543.9300000000001,1908
2026-07-09T18:30:00+00:00,543.9300000000001,546.48,542.76,546.3100000000001,2211
2026-07-09T19:00:00+00:00,546.3100000000001,546.37,541.7,542.03,2787
2026-07-09T19:30:00+00:00,542.03,546.26,539.5500000000001,545.03,4129
2026-07-10T13:30:00+00:00,545.03,554,538.59,547.97,8203
2026-07-10T14:00:00+00:00,547.97,551.36,543.85,545.9100000000001,6213
2026-07-10T14:30:00+00:00,545.9100000000001,549.21,538.44,543.25,5457.003417025702
2026-07-10T15:00:00+00:00,543.25,551.15,541.9300000000001,550.45,3423
2026-07-10T15:30:00+00:00,550.45,551.52,544.4300000000001,548.74,3741
2026-07-10T16:00:00+00:00,548.74,554.59,548.63,553.1800000000001,2786
2026-07-10T16:30:00+00:00,553.1800000000001,553.95,550.91,551.46,1816
2026-07-10T17:00:00+00:00,551.46,557.48,549.82,557.4300000000001,1726
2026-07-10T17:30:00+00:00,557.4300000000001,558.51,555.28,555.75,1857
2026-07-10T18:00:00+00:00,555.75,556.48,553.16,553.61,1538
2026-07-10T18:30:00+00:00,553.61,554.98,552.82,552.99,1411
2026-07-10T19:00:00+00:00,552.99,554.73,550.45,551.87,1475
2026-07-10T19:30:00+00:00,551.87,557.5400000000001,551.52,556.33,2195
2026-07-13T13:30:00+00:00,556.33,556.33,525.21,531.65,10087
2026-07-13T14:00:00+00:00,531.65,543.95,529.4300000000001,543.82,9579
2026-07-13T14:30:00+00:00,543.82,546.76,539.96,544.11,7025
2026-07-13T15:00:00+00:00,544.11,548.9,544.11,547.63,5828
2026-07-13T15:30:00+00:00,547.63,550.09,539.53,540.44,5243
2026-07-13T16:00:00+00:00,540.44,542.74,537.9300000000001,539.83,4488
2026-07-13T16:30:00+00:00,539.83,539.85,531.9300000000001,534.5500000000001,5946
2026-07-13T17:00:00+00:00,534.5500000000001,538.8100000000001,534.33,536.88,4990
2026-07-13T17:30:00+00:00,536.88,538.96,533.44,535.0600000000001,4404
2026-07-13T18:00:00+00:00,535.0600000000001,537.39,533.9300000000001,533.94,4511
2026-07-13T18:30:00+00:00,533.94,535.91,532.94,534.09,3796
2026-07-13T19:00:00+00:00,534.09,536.73,530.6800000000001,531.97,4374
2026-07-13T19:30:00+00:00,531.97,536.59,530.5400000000001,532.84,6767
2026-07-14T13:30:00+00:00,532.84,572.1800000000001,532.84,553.4300000000001,11598
2026-07-14T14:00:00+00:00,553.4300000000001,555.0400000000001,546.11,547.72,9968
2026-07-14T14:30:00+00:00,547.72,554.19,546.12,553.59,6774
2026-07-14T15:00:00+00:00,553.59,565.78,553.57,564.99,5198
2026-07-14T15:30:00+00:00,564.99,565.26,558.44,558.72,4550
2026-07-14T16:00:00+00:00,558.72,559.4,550.45,554.03,4885
2026-07-14T16:30:00+00:00,554.03,554.73,551.44,553.65,2313
2026-07-14T17:00:00+00:00,553.65,556.0600000000001,552.13,554.4300000000001,1905
2026-07-14T17:30:00+00:00,554.4300000000001,554.99,552.32,554.02,1485
2026-07-14T18:00:00+00:00,554.02,554.1700000000001,551.4300000000001,551.98,1768
2026-07-14T18:30:00+00:00,551.98,553.48,549.4300000000001,550.28,2435
2026-07-14T19:00:00+00:00,550.28,551.7,546.83,546.86,2762
2026-07-14T19:30:00+00:00,546.86,549.5500000000001,545.03,546.44,4103
2026-07-15T13:30:00+00:00,546.44,556.86,540.96,544.61,10745
2026-07-15T14:00:00+00:00,544.61,545.63,527.03,531.58,9549
2026-07-15T14:30:00+00:00,531.58,532,512.96,520.3800000000001,9315.956152758132
2026-07-15T15:00:00+00:00,520.3800000000001,520.9700000000001,511.98000000000013,519.6900000000002,8050
2026-07-15T15:30:00+00:00,519.6900000000002,520.7200000000001,513.8300000000002,516.3700000000001,5138
2026-07-15T16:00:00+00:00,516.3700000000001,517.0600000000001,510.3800000000001,512.4600000000002,5596
2026-07-15T16:30:00+00:00,512.4600000000002,517.1200000000001,507.8800000000001,517.0400000000001,5054
2026-07-15T17:00:00+00:00,517.0400000000001,525.3700000000001,516.4400000000002,524.9100000000001,4297
2026-07-15T17:30:00+00:00,524.9100000000001,529.9100000000001,523.6700000000001,528.7600000000001,3979
2026-07-15T18:00:00+00:00,528.7600000000001,530.6700000000001,526.3800000000001,529.8100000000001,3500
2026-07-15T18:30:00+00:00,529.8100000000001,530.2900000000001,522.5500000000001,523.8600000000001,3812
2026-07-15T19:00:00+00:00,523.8600000000001,527.3500000000001,522.3400000000001,526.5100000000001,4887
2026-07-15T19:30:00+00:00,526.5100000000001,529.1200000000001,524.5400000000001,527.3700000000001,6632
2026-07-16T13:30:00+00:00,527.3700000000001,527.3700000000001,504.3600000000001,508.3900000000001,14911
2026-07-16T14:00:00+00:00,508.3900000000001,516.3900000000001,503.4600000000001,510.0100000000001,12143
2026-07-16T14:30:00+00:00,510.0100000000001,512.4500000000002,504.4500000000001,507.98000000000013,8871
2026-07-16T15:00:00+00:00,507.98000000000013,510.57000000000016,503.4500000000001,507.04000000000013,6841
2026-07-16T15:30:00+00:00,507.04000000000013,508.8100000000001,503.4600000000001,504.8400000000001,6602
2026-07-16T16:00:00+00:00,504.8400000000001,504.9000000000001,497.0100000000001,498.66000000000014,5080
2026-07-16T16:30:00+00:00,498.66000000000014,501.67000000000013,496.48000000000013,500.16000000000014,4857
2026-07-16T17:00:00+00:00,500.16000000000014,500.4000000000001,494.41000000000014,495.9900000000001,4873
2026-07-16T17:30:00+00:00,495.9900000000001,496.4900000000001,490.0900000000001,491.60000000000014,3268
2026-07-16T18:00:00+00:00,491.60000000000014,497.1100000000001,491.1200000000001,495.60000000000014,4004
2026-07-16T18:30:00+00:00,495.60000000000014,495.66000000000014,492.2800000000001,493.3600000000001,3247
2026-07-16T19:00:00+00:00,493.3600000000001,495.79000000000013,491.3800000000001,495.0800000000001,4065
2026-07-16T19:30:00+00:00,495.0800000000001,499.9300000000001,493.3300000000001,499.4000000000001,6447
2026-07-17T13:30:00+00:00,499.4000000000001,499.4000000000001,458.5100000000001,474.3300000000001,13351
2026-07-17T14:00:00+00:00,474.3300000000001,491.47000000000014,473.8300000000001,487.1800000000001,13446
2026-07-17T14:30:00+00:00,487.1800000000001,490.67000000000013,481.79000000000013,483.6100000000001,11943.141312547146
2026-07-17T15:00:00+00:00,483.6100000000001,485.8000000000001,479.3400000000001,484.2400000000001,11927
2026-07-17T15:30:00+00:00,484.2400000000001,499.79000000000013,483.0800000000001,497.8100000000001,9636
2026-07-17T16:00:00+00:00,497.8100000000001,501.4500000000001,495.60000000000014,497.3700000000001,9107
2026-07-17T16:30:00+00:00,497.3700000000001,501.6100000000001,495.35000000000014,499.2600000000001,7134
2026-07-17T17:00:00+00:00,499.2600000000001,503.10000000000014,497.47000000000014,502.6100000000001,6271
2026-07-17T17:30:00+00:00,502.6100000000001,503.8200000000001,497.1200000000001,497.7700000000001,5020
2026-07-17T18:00:00+00:00,497.7700000000001,498.7000000000001,492.5000000000001,494.6300000000001,5208
2026-07-17T18:30:00+00:00,494.6300000000001,496.8000000000001,492.0800000000001,495.2700000000001,4885
2026-07-17T19:00:00+00:00,495.2700000000001,495.6300000000001,489.8700000000001,493.5200000000001,5156
2026-07-17T19:30:00+00:00,493.5200000000001,498.5700000000001,491.0900000000001,493.7100000000001,9391
2026-07-20T13:30:00+00:00,493.7100000000001,520.4000000000001,493.7100000000001,509.6100000000001,8423
2026-07-20T14:00:00+00:00,509.6100000000001,513.9000000000001,506.1800000000001,513.6000000000001,4369
2026-07-20T14:30:00+00:00,513.6000000000001,516.8800000000001,504.7400000000001,505.7100000000001,3614
2026-07-20T15:00:00+00:00,505.7100000000001,510.5000000000001,504.1100000000001,509.8200000000001,3689
2026-07-20T15:30:00+00:00,509.8200000000001,513.6200000000001,509.2000000000001,512.2900000000001,3336
2026-07-20T16:00:00+00:00,512.2900000000001,515.9400000000002,511.58000000000015,512.6800000000001,2104
2026-07-20T16:30:00+00:00,512.6800000000001,513.1100000000001,506.0800000000001,508.10000000000014,3300
2026-07-20T17:00:00+00:00,508.10000000000014,510.0900000000001,506.0800000000001,509.54000000000013,2438
2026-07-20T17:30:00+00:00,509.54000000000013,511.55000000000007,506.5800000000001,510.69000000000017,3065
2026-07-20T18:00:00+00:00,510.69000000000017,514.8700000000001,510.2800000000001,513.6500000000001,2431
2026-07-20T18:30:00+00:00,513.6500000000001,513.7800000000001,510.0900000000001,511.1100000000001,2728
2026-07-20T19:00:00+00:00,511.1100000000001,511.81000000000006,504.16000000000014,506.5200000000001,3433
2026-07-20T19:30:00+00:00,506.5200000000001,507.60000000000014,500.3200000000001,501.4900000000001,5592
2026-07-21T13:30:00+00:00,501.4900000000001,533.5200000000001,501.4900000000001,524.4700000000001,7946
2026-07-21T14:00:00+00:00,524.4700000000001,529.6100000000001,520.7300000000001,528.7700000000001,4181
2026-07-21T14:30:00+00:00,528.7700000000001,532.4500000000002,525.3700000000001,526.4500000000002,2668
2026-07-21T15:00:00+00:00,526.4500000000002,534.0900000000001,524.0900000000001,533.3300000000002,2826
2026-07-21T15:30:00+00:00,533.3300000000002,533.7500000000001,529.2200000000001,529.5900000000001,1885
2026-07-21T16:00:00+00:00,529.5900000000001,536.6300000000001,529.5900000000001,536.1900000000002,1859
2026-07-21T16:30:00+00:00,536.1900000000002,541.0200000000001,534.5300000000001,539.3800000000001,1642
2026-07-21T17:00:00+00:00,539.3800000000001,541.4000000000001,538.7400000000001,541.3900000000001,1379
2026-07-21T17:30:00+00:00,541.3900000000001,542.6000000000001,540.2000000000002,540.3800000000001,1220
2026-07-21T18:00:00+00:00,540.3800000000001,541.5600000000001,539.2400000000001,540.1600000000001,1150
2026-07-21T18:30:00+00:00,540.1600000000001,544.8900000000001,539.9800000000001,542.0900000000001,1558
2026-07-21T19:00:00+00:00,542.0900000000001,542.3100000000001,537.8800000000001,538.0400000000001,1993
2026-07-21T19:30:00+00:00,538.0400000000001,543.2500000000001,537.8500000000001,542.4100000000001,3322
2026-07-22T13:30:00+00:00,542.4100000000001,551.2700000000001,525.9400000000002,551.0800000000002,9179
2026-07-22T14:00:00+00:00,551.0800000000002,551.3100000000001,542.8800000000001,548.1000000000001,6700
2026-07-22T14:30:00+00:00,548.1000000000001,550.4300000000001,545.3900000000001,549.2600000000001,5851.591346153846
2026-07-22T15:00:00+00:00,549.2600000000001,556.7800000000001,549.2600000000001,553.3200000000002,2994
2026-07-22T15:30:00+00:00,553.3200000000002,554.7000000000002,551.9100000000001,554.4000000000001,2359
2026-07-22T16:00:00+00:00,554.4000000000001,556.7100000000002,553.1500000000001,554.5700000000002,2371
2026-07-22T16:30:00+00:00,554.5700000000002,556.5300000000001,552.0600000000002,553.9600000000002,2245
2026-07-22T17:00:00+00:00,553.9600000000002,556.2400000000001,553.8600000000001,555.5500000000002,1735
2026-07-22T17:30:00+00:00,555.5500000000002,556.1700000000002,552.2100000000002,553.2600000000001,1504
2026-07-22T18:00:00+00:00,553.2600000000001,555.6300000000001,551.8700000000001,552.8800000000001,2420
2026-07-22T18:30:00+00:00,552.8800000000001,555.9100000000001,551.5600000000002,555.1000000000001,2579
2026-07-22T19:00:00+00:00,555.1000000000001,557.2700000000001,553.7300000000001,557.0700000000002,1832
2026-07-22T19:30:00+00:00,557.0700000000002,559.7500000000001,548.6900000000002,551.0800000000002,4111
2026-07-23T13:30:00+00:00,551.0800000000002,554.7000000000002,540.5700000000002,548.1800000000002,10051
2026-07-23T14:00:00+00:00,548.1800000000002,552.8200000000002,546.8100000000002,550.4700000000001,8590
2026-07-23T14:30:00+00:00,550.4700000000001,551.0800000000002,541.6300000000001,542.8100000000002,6555
2026-07-23T15:00:00+00:00,542.8100000000002,543.5800000000002,535.1800000000002,535.7800000000001,5032
2026-07-23T15:30:00+00:00,535.7800000000001,540.1100000000001,534.5600000000002,539.8700000000001,3860
2026-07-23T16:00:00+00:00,539.8700000000001,543.9800000000001,538.0600000000002,543.4200000000002,2324
2026-07-23T16:30:00+00:00,543.4200000000002,548.7000000000002,523.6600000000001,527.8800000000001,7629
2026-07-23T17:00:00+00:00,527.8800000000001,534.3800000000001,523.3700000000001,534.2000000000002,6787
2026-07-23T17:30:00+00:00,534.2000000000002,536.1600000000001,529.9700000000001,532.9100000000001,3921
2026-07-23T18:00:00+00:00,532.9100000000001,534.9000000000001,531.0700000000002,534.5700000000002,3204
2026-07-23T18:30:00+00:00,534.5700000000002,536.8700000000001,532.1100000000001,533.6800000000002,2824
2026-07-23T19:00:00+00:00,533.6800000000002,539.5700000000002,532.0800000000002,539.0300000000001,3462
2026-07-23T19:30:00+00:00,539.0300000000001,540.0700000000002,534.3900000000001,538.2100000000002,5236
2026-07-24T13:30:00+00:00,538.2100000000002,547.4300000000002,516.5800000000002,519.7000000000002,11976
2026-07-24T14:00:00+00:00,519.7000000000002,530.2300000000001,518.0600000000002,529.3500000000001,9722
2026-07-24T14:30:00+00:00,529.3500000000001,529.7600000000001,519.2500000000001,527.9100000000001,7187
2026-07-24T15:00:00+00:00,527.9100000000001,535.4200000000002,525.7900000000001,526.6600000000001,7387
2026-07-24T15:30:00+00:00,526.6600000000001,536.1000000000001,525.5600000000002,535.3000000000002,5073
2026-07-24T16:00:00+00:00,535.3000000000002,539.0100000000001,533.8900000000001,536.8000000000002,3628
2026-07-24T16:30:00+00:00,536.8000000000002,536.8800000000001,530.6600000000001,533.7800000000001,3723
2026-07-24T17:00:00+00:00,533.7800000000001,534.7100000000002,530.2300000000001,534.4600000000002,3123
2026-07-24T17:30:00+00:00,534.4600000000002,535.4400000000002,530.3000000000002,530.8700000000001,1753
2026-07-24T18:00:00+00:00,530.8700000000001,531.4100000000001,524.8100000000002,525.1100000000001,2408
2026-07-24T18:30:00+00:00,525.1100000000001,525.5200000000001,519.8100000000002,523.3300000000002,3515
2026-07-24T19:00:00+00:00,523.3300000000002,524.3800000000001,516.7000000000002,520.9800000000001,4359
2026-07-24T19:30:00+00:00,520.9800000000001,523.0700000000002,517.2700000000001,520.3900000000001,5673
2026-07-27T13:30:00+00:00,520.3900000000001,525.7900000000001,502.08000000000015,502.98000000000013,11131
2026-07-27T14:00:00+00:00,502.98000000000013,503.95000000000016,483.21000000000015,483.21000000000015,8518
2026-07-27T14:30:00+00:00,483.21000000000015,488.3600000000001,475.4400000000001,487.3600000000001,7870
2026-07-27T15:00:00+00:00,487.3600000000001,487.9400000000001,476.9400000000001,478.7400000000001,7562
2026-07-27T15:30:00+00:00,478.7400000000001,481.5000000000001,476.29000000000013,481.46000000000015,5091
2026-07-27T16:00:00+00:00,481.46000000000015,486.72000000000014,479.83000000000015,484.65000000000015,4922
2026-07-27T16:30:00+00:00,484.65000000000015,486.8000000000001,480.79000000000013,481.64000000000016,3904
2026-07-27T17:00:00+00:00,481.64000000000016,481.84000000000015,477.16000000000014,478.08000000000015,3036
2026-07-27T17:30:00+00:00,478.08000000000015,481.2400000000001,478.0600000000001,480.5100000000001,2814.1616148419125
2026-07-27T18:00:00+00:00,480.5100000000001,483.77000000000004,480.49000000000007,483.26000000000005,1499.1316007323783
2026-07-27T18:30:00+00:00,483.26000000000005,488.37000000000006,480.50000000000006,488.26000000000005,3240
2026-07-27T19:00:00+00:00,488.26000000000005,495.18000000000006,487.4800000000001,494.9700000000001,2973
2026-07-27T19:30:00+00:00,494.9700000000001,495.4700000000001,491.4800000000001,494.15000000000003,4005
2026-07-28T13:30:00+00:00,494.15000000000003,494.15000000000003,449.55000000000007,450.38000000000005,11512
2026-07-28T14:00:00+00:00,450.38000000000005,457.62000000000006,441.63000000000005,446.74000000000007,8872
2026-07-28T14:30:00+00:00,446.74000000000007,454.31000000000006,445.27000000000004,451.33000000000004,4358
2026-07-28T15:00:00+00:00,451.33000000000004,457.4200000000001,448.57000000000005,455.1700000000001,6008
2026-07-28T15:30:00+00:00,455.1700000000001,464.0300000000001,453.7300000000001,462.86000000000007,3789
2026-07-28T16:00:00+00:00,462.86000000000007,465.9800000000001,458.99000000000007,459.9800000000001,3445
2026-07-28T16:30:00+00:00,459.9800000000001,462.11000000000007,456.9800000000001,460.77000000000004,4348
2026-07-28T17:00:00+00:00,460.77000000000004,461.43000000000006,456.95000000000005,458.45000000000005,2603
2026-07-28T17:30:00+00:00,458.45000000000005,460.00000000000006,455.5400000000001,457.5400000000001,2254
2026-07-28T18:00:00+00:00,457.5400000000001,458.6600000000001,453.9700000000001,454.61000000000007,2882
2026-07-28T18:30:00+00:00,454.61000000000007,456.69000000000005,454.46000000000004,456.39000000000004,1846
2026-07-28T19:00:00+00:00,456.39000000000004,464.43000000000006,456.13000000000005,464.3500000000001,2509
2026-07-28T19:30:00+00:00,464.3500000000001,465.05000000000007,451.87000000000006,454.58000000000004,4505
2026-07-29T13:30:00+00:00,454.58000000000004,456.14000000000004,437.86000000000007,439.7300000000001,12551
2026-07-29T14:00:00+00:00,439.7300000000001,444.3400000000001,431.58000000000004,433.33000000000004,9223
2026-07-29T14:30:00+00:00,433.33000000000004,435.93000000000006,428.12000000000006,432.34000000000003,7051.638126834248
2026-07-29T15:00:00+00:00,432.34000000000003,434.95000000000005,429.50000000000006,430.24000000000007,6640
2026-07-29T15:30:00+00:00,430.24000000000007,431.52000000000004,425.58000000000004,428.38000000000005,4196
2026-07-29T16:00:00+00:00,428.38000000000005,429.84000000000003,424.18000000000006,429.74000000000007,4331
2026-07-29T16:30:00+00:00,429.74000000000007,431.07000000000005,426.92,430.40000000000003,3001
2026-07-29T17:00:00+00:00,430.40000000000003,438.69000000000005,430.23,436.73,3902
2026-07-29T17:30:00+00:00,436.73,439.27000000000004,435.88000000000005,436.97,3202
2026-07-29T18:00:00+00:00,436.97,444.95000000000005,436.96000000000004,439.80000000000007,8775
2026-07-29T18:30:00+00:00,439.80000000000007,451.16,438.16,450.21000000000004,9945
2026-07-29T19:00:00+00:00,450.21000000000004,453.08000000000004,438.18000000000006,441.1,10036
2026-07-29T19:30:00+00:00,441.1,442.72,428.18000000000006,429.61,9582
2026-07-30T13:30:00+00:00,429.61,482.1,429.61,481.66,10942
2026-07-30T14:00:00+00:00,481.66,497.45000000000005,480.38000000000005,497.24000000000007,9309
2026-07-30T14:30:00+00:00,497.24000000000007,498.15000000000003,483.53000000000003,484.58000000000004,8697
2026-07-30T15:00:00+00:00,484.58000000000004,489.84000000000003,481.87000000000006,482.68000000000006,9650
2026-07-30T15:30:00+00:00,482.68000000000006,485.38000000000005,481.86,482.23,6492
2026-07-30T16:00:00+00:00,482.23,487.88000000000005,482.23,485.56000000000006,4962
2026-07-30T16:30:00+00:00,485.56000000000006,486.26000000000005,481.43000000000006,485.82000000000005,4350
2026-07-30T17:00:00+00:00,485.82000000000005,489.01000000000005,485.16,487.82000000000005,3034
2026-07-30T17:30:00+00:00,487.82000000000005,488.77000000000004,486.74000000000007,488.21000000000004,2306
2026-07-30T18:00:00+00:00,488.21000000000004,489.08000000000004,485.96000000000004,488.21000000000004,2206
2026-07-30T18:30:00+00:00,488.21000000000004,489.25000000000006,485.30000000000007,486.62000000000006,2025
2026-07-30T19:00:00+00:00,486.62000000000006,491.96000000000004,486.30000000000007,487.43000000000006,3333
2026-07-30T19:30:00+00:00,487.43000000000006,488.98,484.18000000000006,485.24000000000007,4110
2026-07-31T13:30:00+00:00,485.24000000000007,515.4000000000001,485.24000000000007,495.30000000000007,13949
2026-07-31T14:00:00+00:00,495.30000000000007,495.95000000000005,483.16,492.46000000000004,15192
2026-07-31T14:30:00+00:00,492.46000000000004,494.75000000000006,488.63000000000005,491.42,11032
2026-07-31T15:00:00+00:00,491.42,495.64000000000004,483.82000000000005,486.20000000000005,9287
2026-07-31T15:30:00+00:00,486.20000000000005,490.87000000000006,484.70000000000005,487.62000000000006,7455
2026-07-31T16:00:00+00:00,487.62000000000006,491.46000000000004,486.37000000000006,491.46000000000004,5391
2026-07-31T16:30:00+00:00,491.46000000000004,492.68000000000006,487.16,489.15000000000003,4908
2026-07-31T17:00:00+00:00,489.15000000000003,491.95000000000005,488.61,490.82000000000005,3789
2026-07-31T17:30:00+00:00,490.82000000000005,493.13000000000005,488.62000000000006,489.39000000000004,4059
2026-07-31T18:00:00+00:00,489.39000000000004,489.87000000000006,486.16,487.41,3942
2026-07-31T18:30:00+00:00,487.41,488.95000000000005,486.46000000000004,487.39000000000004,2762
2026-07-31T19:00:00+00:00,487.39000000000004,487.92,485.00000000000006,486.70000000000005,4067
2026-07-31T19:30:00+00:00,486.70000000000005,487.01000000000005,475.73,476.49000000000007,5657
2026-08-03T13:30:00+00:00,476.49000000000007,476.49000000000007,455.57000000000005,469.99000000000007,14422
2026-08-03T14:00:00+00:00,469.99000000000007,477.03000000000003,465.50000000000006,477.03000000000003,9810
2026-08-03T14:30:00+00:00,477.03000000000003,486.91,475.18000000000006,486.27000000000004,7138
2026-08-03T15:00:00+00:00,486.27000000000004,486.27000000000004,477.46000000000004,477.70000000000005,6941
2026-08-03T15:30:00+00:00,477.70000000000005,481.04,477.16,479.90000000000003,5944
2026-08-03T16:00:00+00:00,479.90000000000003,482.84000000000003,479.79,481.75000000000006,4050
2026-08-03T16:30:00+00:00,481.75000000000006,482.74000000000007,479.46000000000004,480.18000000000006,3931
2026-08-03T17:00:00+00:00,480.18000000000006,482.80000000000007,479.66,482.51000000000005,3423
2026-08-03T17:30:00+00:00,482.51000000000005,489.34000000000003,482.51000000000005,489.21000000000004,3738
2026-08-03T18:00:00+00:00,489.21000000000004,490.96000000000004,485.16,485.19000000000005,4189
2026-08-03T18:30:00+00:00,485.19000000000005,486.51000000000005,484.16,484.21000000000004,3597
2026-08-03T19:00:00+00:00,484.21000000000004,486.57000000000005,484.16,484.47,4218
2026-08-03T19:30:00+00:00,484.47,487.17,483.16,484.30000000000007,4828
2026-08-04T13:30:00+00:00,484.30000000000007,516.6500000000001,484.30000000000007,510.5800000000001,10644
2026-08-04T14:00:00+00:00,510.5800000000001,517.9100000000002,509.19000000000017,517.5900000000001,7995
2026-08-04T14:30:00+00:00,517.5900000000001,518.5700000000002,514.6600000000002,516.3600000000001,5246
2026-08-04T15:00:00+00:00,516.3600000000001,521.7100000000002,516.3400000000001,519.2800000000002,3950
2026-08-04T15:30:00+00:00,519.2800000000002,522.7300000000001,518.6600000000002,522.4900000000001,4305
2026-08-04T16:00:00+00:00,522.4900000000001,525.0000000000001,521.1700000000002,524.4000000000002,3791
2026-08-04T16:30:00+00:00,524.4000000000002,525.4300000000002,523.3600000000001,523.9800000000001,3396
2026-08-04T17:00:00+00:00,523.9800000000001,526.8100000000002,523.7100000000002,525.8300000000002,3474
2026-08-04T17:30:00+00:00,525.8300000000002,530.1000000000001,525.1200000000001,526.0100000000001,4147
2026-08-04T18:00:00+00:00,526.0100000000001,528.5200000000002,525.3600000000001,527.1900000000002,4883
2026-08-04T18:30:00+00:00,527.1900000000002,528.9100000000002,525.6700000000002,528.7500000000001,3515
2026-08-04T19:00:00+00:00,528.7500000000001,529.9100000000002,525.6700000000002,526.7800000000002,4531
2026-08-04T19:30:00+00:00,526.7800000000002,528.6000000000001,518.7100000000002,526.4800000000001,7348
2026-08-05T13:30:00+00:00,526.4800000000001,526.4800000000001,480.5500000000002,494.2400000000002,15285
2026-08-05T14:00:00+00:00,494.2400000000002,494.2400000000002,484.77000000000015,486.76000000000016,9958
2026-08-05T14:30:00+00:00,486.76000000000016,486.92000000000013,478.3600000000001,480.69000000000017,8692.164628410159
2026-08-05T15:00:00+00:00,480.69000000000017,485.6600000000002,479.72000000000014,484.44000000000017,9321
2026-08-05T15:30:00+00:00,484.44000000000017,486.8700000000002,482.07000000000016,483.77000000000015,8316
2026-08-05T16:00:00+00:00,483.77000000000015,491.5600000000002,483.6200000000002,491.0500000000002,8023
2026-08-05T16:30:00+00:00,491.0500000000002,491.44000000000017,486.53000000000014,488.9800000000002,6684
2026-08-05T17:00:00+00:00,488.9800000000002,489.4300000000002,485.3500000000002,486.1600000000002,6027
2026-08-05T17:30:00+00:00,486.1600000000002,487.90000000000015,484.8100000000002,487.26000000000016,5165
2026-08-05T18:00:00+00:00,487.26000000000016,488.50000000000017,485.90000000000015,488.28000000000014,4316
2026-08-05T18:30:00+00:00,488.28000000000014,488.6000000000002,486.4900000000002,486.63000000000017,4169
2026-08-05T19:00:00+00:00,486.63000000000017,488.88000000000017,485.2300000000002,485.2300000000002,4732
2026-08-05T19:30:00+00:00,485.2300000000002,486.27000000000015,480.26000000000016,481.4900000000002,7462
2026-08-06T13:30:00+00:00,481.4900000000002,483.53000000000014,469.59000000000015,482.2400000000002,12572
2026-08-06T14:00:00+00:00,482.2400000000002,492.50000000000017,479.6000000000002,487.3600000000002,10706
2026-08-06T14:30:00+00:00,487.3600000000002,491.9100000000002,484.02000000000015,491.6100000000002,9515
2026-08-06T15:00:00+00:00,491.6100000000002,495.13000000000017,489.58000000000015,491.8700000000002,9327
2026-08-06T15:30:00+00:00,491.8700000000002,493.76000000000016,489.07000000000016,490.33000000000015,7735
2026-08-06T16:00:00+00:00,490.33000000000015,491.27000000000015,485.50000000000017,486.90000000000015,7488
2026-08-06T16:30:00+00:00,486.90000000000015,495.70000000000016,486.5500000000002,495.70000000000016,7484
2026-08-06T17:00:00+00:00,495.70000000000016,496.6000000000002,493.88000000000017,494.1000000000002,5996
2026-08-06T17:30:00+00:00,494.1000000000002,494.5500000000002,491.1100000000002,492.22000000000014,5048
2026-08-06T18:00:00+00:00,492.22000000000014,493.83000000000015,488.53000000000014,493.19000000000017,5268
2026-08-06T18:30:00+00:00,493.19000000000017,493.69000000000017,491.52000000000015,492.6800000000002,4455
2026-08-06T19:00:00+00:00,492.6800000000002,496.2900000000002,491.02000000000015,492.02000000000015,5837
2026-08-06T19:30:00+00:00,492.02000000000015,493.58000000000015,487.89000000000016,489.40000000000015,6751
2026-08-07T13:30:00+00:00,489.40000000000015,498.01000000000016,480.78000000000014,486.9100000000002,13117
2026-08-07T14:00:00+00:00,486.9100000000002,488.2900000000002,478.90000000000015,482.65000000000015,12157
2026-08-07T14:30:00+00:00,482.65000000000015,483.03000000000014,476.26000000000016,479.6600000000002,10895
2026-08-07T15:00:00+00:00,479.6600000000002,483.3600000000002,478.52000000000015,482.08000000000015,6875
2026-08-07T15:30:00+00:00,482.08000000000015,483.5400000000002,479.7300000000002,483.28000000000014,7173
2026-08-07T16:00:00+00:00,483.28000000000014,485.2400000000002,478.1700000000002,478.28000000000014,7317
2026-08-07T16:30:00+00:00,478.28000000000014,481.52000000000015,476.03000000000014,480.64000000000016,6928
2026-08-07T17:00:00+00:00,480.64000000000016,482.1700000000002,479.70000000000016,481.19000000000017,5193
2026-08-07T17:30:00+00:00,481.19000000000017,481.47000000000014,479.32000000000016,481.01000000000016,4641
2026-08-07T18:00:00+00:00,481.01000000000016,482.1600000000002,478.9200000000002,479.02000000000015,4119
2026-08-07T18:30:00+00:00,479.02000000000015,480.32000000000016,477.0400000000002,478.21000000000015,4190
2026-08-07T19:00:00+00:00,478.21000000000015,481.72000000000014,478.1000000000002,481.1000000000002,6063
2026-08-07T19:30:00+00:00,481.1000000000002,483.64000000000016,478.0400000000002,483.32000000000016,7184
2026-08-10T13:30:00+00:00,483.32000000000016,483.32000000000016,470.6600000000002,476.0400000000002,11584
2026-08-10T14:00:00+00:00,476.0400000000002,483.2300000000002,474.9200000000002,476.1000000000002,8027
2026-08-10T14:30:00+00:00,476.1000000000002,481.5600000000002,475.5400000000002,475.8600000000002,6798
2026-08-10T15:00:00+00:00,475.8600000000002,478.52000000000015,475.32000000000016,475.72000000000014,5750
2026-08-10T15:30:00+00:00,475.72000000000014,479.4100000000002,474.90000000000015,478.27000000000015,4883
2026-08-10T16:00:00+00:00,478.27000000000015,478.78000000000014,476.13000000000017,476.34000000000015,4472
2026-08-10T16:30:00+00:00,476.34000000000015,476.6800000000002,474.46000000000015,475.1600000000002,5477
2026-08-10T17:00:00+00:00,475.1600000000002,476.44000000000017,474.6200000000002,475.03000000000014,3700
2026-08-10T17:30:00+00:00,475.03000000000014,475.6700000000002,474.28000000000014,475.2900000000002,2988
2026-08-10T18:00:00+00:00,475.2900000000002,476.1800000000002,474.77000000000015,475.1100000000002,2868
2026-08-10T18:30:00+00:00,475.1100000000002,476.26000000000016,474.8700000000002,475.70000000000016,2736
2026-08-10T19:00:00+00:00,475.70000000000016,476.5400000000002,474.77000000000015,475.5500000000002,3512
2026-08-10T19:30:00+00:00,475.5500000000002,475.71000000000015,469.25000000000017,469.9200000000002,6076
2026-08-11T13:30:00+00:00,469.9200000000002,474.01000000000016,463.1700000000002,466.69000000000017,11546
2026-08-11T14:00:00+00:00,466.69000000000017,471.6100000000002,466.28000000000014,468.5400000000002,8898
2026-08-11T14:30:00+00:00,468.5400000000002,470.4200000000002,466.9200000000002,468.84000000000015,6705
2026-08-11T15:00:00+00:00,468.84000000000015,470.89000000000016,468.5500000000002,469.0400000000002,6016
2026-08-11T15:30:00+00:00,469.0400000000002,470.8500000000002,467.8700000000002,468.08000000000015,4936
2026-08-11T16:00:00+00:00,468.08000000000015,468.28000000000014,466.1200000000002,466.77000000000015,4536
2026-08-11T16:30:00+00:00,466.77000000000015,467.1100000000002,465.78000000000014,466.33000000000015,3722
2026-08-11T17:00:00+00:00,466.33000000000015,466.6000000000002,465.07000000000016,466.28000000000014,4404
2026-08-11T17:30:00+00:00,466.28000000000014,469.5500000000002,465.59000000000015,469.50000000000017,3654
2026-08-11T18:00:00+00:00,469.50000000000017,472.57000000000016,469.08000000000015,471.1100000000002,4741
2026-08-11T18:30:00+00:00,471.1100000000002,473.7300000000002,470.6000000000002,472.77000000000015,4037
2026-08-11T19:00:00+00:00,472.77000000000015,474.95000000000016,471.78000000000014,474.7300000000002,4735
2026-08-11T19:30:00+00:00,474.7300000000002,475.94000000000017,472.03000000000014,473.8700000000002,6292
2026-08-12T13:30:00+00:00,473.8700000000002,488.26000000000016,473.8700000000002,486.02000000000015,10995
2026-08-12T14:00:00+00:00,486.02000000000015,491.0500000000002,485.22000000000014,490.7300000000002,8950
2026-08-12T14:30:00+00:00,490.7300000000002,491.4900000000002,486.9500000000002,487.5200000000002,7042.3294160852
2026-08-12T15:00:00+00:00,487.5200000000002,489.9600000000002,486.6500000000002,488.9300000000002,5128
2026-08-12T15:30:00+00:00,488.9300000000002,489.0500000000002,485.9200000000002,486.6300000000002,4924
2026-08-12T16:00:00+00:00,486.6300000000002,487.7900000000002,486.0100000000002,487.0300000000002,3937
2026-08-12T16:30:00+00:00,487.0300000000002,487.9300000000002,486.0400000000002,487.6600000000002,3451
2026-08-12T17:00:00+00:00,487.6600000000002,488.6800000000002,486.1700000000002,486.5500000000002,3185
2026-08-12T17:30:00+00:00,486.5500000000002,489.7200000000002,486.4000000000002,489.1600000000002,3271
2026-08-12T18:00:00+00:00,489.1600000000002,489.3300000000002,485.9400000000002,486.0000000000002,3157
2026-08-12T18:30:00+00:00,486.0000000000002,486.9100000000002,484.9300000000002,485.4200000000002,2965
2026-08-12T19:00:00+00:00,485.4200000000002,485.6700000000002,482.9200000000002,483.7200000000002,3595
2026-08-12T19:30:00+00:00,483.7200000000002,483.8000000000002,480.9200000000002,482.5300000000002,6067
2026-08-13T13:30:00+00:00,482.5300000000002,496.1800000000002,480.9100000000002,495.8800000000002,5199
2026-08-13T14:00:00+00:00,495.8800000000002,495.8800000000002,489.1000000000002,494.6700000000002,2986
2026-08-13T14:30:00+00:00,494.6700000000002,496.4400000000002,494.1200000000002,494.7400000000002,2343
2026-08-13T15:00:00+00:00,494.7400000000002,497.81000000000023,493.2200000000002,495.9300000000002,2407
2026-08-13T15:30:00+00:00,495.9300000000002,496.0800000000002,490.4300000000002,491.4800000000002,2458
2026-08-13T16:00:00+00:00,491.4800000000002,494.3000000000002,490.9300000000002,492.9300000000002,1522
2026-08-13T16:30:00+00:00,492.9300000000002,493.6000000000002,491.7200000000002,493.0500000000002,1043
2026-08-13T17:00:00+00:00,493.0500000000002,495.5400000000002,493.0500000000002,494.0000000000002,1060
2026-08-13T17:30:00+00:00,494.0000000000002,494.4600000000002,492.1900000000002,492.1900000000002,967
2026-08-13T18:00:00+00:00,492.1900000000002,492.2100000000002,489.9300000000002,490.3500000000002,1144
2026-08-13T18:30:00+00:00,490.3500000000002,491.4100000000002,489.2700000000002,490.4600000000002,1239
2026-08-13T19:00:00+00:00,490.4600000000002,491.2400000000002,486.4700000000002,487.0400000000002,1792
2026-08-13T19:30:00+00:00,487.0400000000002,487.31000000000023,481.9300000000002,482.9300000000002,3319
2026-08-14T13:30:00+00:00,482.9300000000002,501.1300000000002,482.9300000000002,496.7500000000002,7756
2026-08-14T14:00:00+00:00,496.7500000000002,505.6300000000002,496.2200000000002,505.3200000000002,5243
2026-08-14T14:30:00+00:00,505.3200000000002,511.2300000000002,503.0900000000002,503.4700000000002,4232.261386673875
2026-08-14T15:00:00+00:00,503.4700000000002,505.5500000000002,499.4700000000002,500.8800000000002,3205
2026-08-14T15:30:00+00:00,500.8800000000002,501.0300000000002,496.0300000000002,497.4500000000002,2783
2026-08-14T16:00:00+00:00,497.4500000000002,501.7300000000002,497.3500000000002,500.6800000000002,1906
2026-08-14T16:30:00+00:00,500.6800000000002,502.6500000000002,498.8600000000002,502.4400000000002,1757
2026-08-14T17:00:00+00:00,502.4400000000002,503.6900000000002,501.1100000000002,502.5900000000002,1659
2026-08-14T17:30:00+00:00,502.5900000000002,506.6000000000002,502.1300000000002,506.2300000000002,1664
2026-08-14T18:00:00+00:00,506.2300000000002,509.2000000000002,505.8700000000002,507.5100000000002,1911
2026-08-14T18:30:00+00:00,507.5100000000002,508.7000000000002,507.1100000000002,507.4700000000002,1351
2026-08-14T19:00:00+00:00,507.4700000000002,509.0900000000002,506.8600000000002,508.2100000000002,1854
2026-08-14T19:30:00+00:00,508.2100000000002,514.4000000000002,508.0200000000002,513.9900000000002,3333
2026-08-17T13:30:00+00:00,513.9900000000002,515.4700000000003,506.1100000000002,511.5700000000002,7559
2026-08-17T14:00:00+00:00,511.5700000000002,512.7100000000002,509.4100000000002,512.0000000000002,4152
2026-08-17T14:30:00+00:00,512.0000000000002,514.3600000000002,509.7700000000002,514.0000000000002,3594
2026-08-17T15:00:00+00:00,514.0000000000002,517.0200000000002,513.1600000000002,515.5200000000002,3715
2026-08-17T15:30:00+00:00,515.5200000000002,516.8400000000001,512.2100000000002,513.4700000000003,3678
2026-08-17T16:00:00+00:00,513.4700000000003,513.6400000000002,510.5900000000002,510.8800000000002,3095
2026-08-17T16:30:00+00:00,510.8800000000002,511.5700000000002,510.1700000000002,510.9000000000002,1770
2026-08-17T17:00:00+00:00,510.9000000000002,511.2900000000002,508.7600000000002,508.8100000000002,3319
2026-08-17T17:30:00+00:00,508.8100000000002,510.5700000000002,508.6600000000002,509.5600000000002,2631
2026-08-17T18:00:00+00:00,509.5600000000002,509.8600000000002,507.6000000000002,508.9900000000002,2397
2026-08-17T18:30:00+00:00,508.9900000000002,510.8700000000002,508.3600000000002,510.3800000000002,2084
2026-08-17T19:00:00+00:00,510.3800000000002,510.4600000000002,504.8600000000002,505.6300000000002,3213
2026-08-17T19:30:00+00:00,505.6300000000002,507.4600000000002,504.3600000000002,505.8800000000002,4183
2026-08-18T13:30:00+00:00,505.8800000000002,505.8800000000002,479.6000000000002,481.4900000000002,10079
2026-08-18T14:00:00+00:00,481.4900000000002,483.5700000000002,477.3000000000002,481.2600000000002,7830
2026-08-18T14:30:00+00:00,481.2600000000002,482.4500000000002,475.0800000000002,476.3200000000002,6686
2026-08-18T15:00:00+00:00,476.3200000000002,479.6700000000002,474.7400000000002,479.5100000000002,6833
2026-08-18T15:30:00+00:00,479.5100000000002,481.1100000000002,478.3600000000002,479.9200000000002,4867
2026-08-18T16:00:00+00:00,479.9200000000002,480.4700000000002,477.1600000000002,477.3700000000002,4133
2026-08-18T16:30:00+00:00,477.3700000000002,479.7900000000002,477.1700000000002,479.2900000000002,3522
2026-08-18T17:00:00+00:00,479.2900000000002,480.4800000000002,477.9900000000002,479.2000000000002,3776
2026-08-18T17:30:00+00:00,479.2000000000002,479.5800000000002,476.2800000000002,476.2800000000002,3166
2026-08-18T18:00:00+00:00,476.2800000000002,478.1000000000002,475.3200000000002,477.9300000000002,3625
2026-08-18T18:30:00+00:00,477.9300000000002,480.5300000000002,477.5700000000002,479.6100000000002,3330
2026-08-18T19:00:00+00:00,479.6100000000002,482.4900000000002,479.0200000000002,481.6100000000002,3872
2026-08-18T19:30:00+00:00,481.6100000000002,484.9800000000002,480.2600000000002,484.0000000000002,6334
2026-08-19T13:30:00+00:00,484.0000000000002,486.5700000000002,463.8600000000002,467.8800000000002,10736
2026-08-19T14:00:00+00:00,467.8800000000002,469.6300000000002,462.5100000000002,467.1100000000002,10194
2026-08-19T14:30:00+00:00,467.1100000000002,468.5200000000002,462.4500000000002,465.7500000000002,7308.9761748058445
2026-08-19T15:00:00+00:00,465.7500000000002,467.1900000000002,462.6700000000002,466.74000000000024,5625
2026-08-19T15:30:00+00:00,466.74000000000024,467.7700000000002,464.49000000000024,467.43000000000023,4639
2026-08-19T16:00:00+00:00,467.43000000000023,469.2600000000002,465.5800000000002,466.1100000000002,4295
2026-08-19T16:30:00+00:00,466.1100000000002,469.0100000000002,465.49000000000024,467.1000000000002,3901
2026-08-19T17:00:00+00:00,467.1000000000002,467.8300000000002,465.6500000000002,466.31000000000023,4302
2026-08-19T17:30:00+00:00,466.31000000000023,466.6400000000002,465.2100000000002,465.3900000000002,3327
2026-08-19T18:00:00+00:00,465.3900000000002,466.6600000000002,463.2600000000002,465.2100000000002,4364
2026-08-19T18:30:00+00:00,465.2100000000002,467.2800000000002,464.9100000000002,465.9200000000002,3980
2026-08-19T19:00:00+00:00,465.9200000000002,468.7800000000002,465.5800000000002,467.4500000000002,3443
2026-08-19T19:30:00+00:00,467.4500000000002,468.0200000000002,465.2500000000002,466.4100000000002,6150
2026-08-20T13:30:00+00:00,466.4100000000002,475.1600000000002,464.1300000000002,465.56000000000023,8839
2026-08-20T14:00:00+00:00,465.56000000000023,470.4600000000002,464.3900000000002,465.93000000000023,7280
2026-08-20T14:30:00+00:00,465.93000000000023,469.12000000000023,464.9800000000002,466.5200000000002,5271
2026-08-20T15:00:00+00:00,466.5200000000002,468.2300000000002,463.0500000000002,464.4100000000002,5609
2026-08-20T15:30:00+00:00,464.4100000000002,464.4700000000002,460.0700000000002,463.6700000000002,4535
2026-08-20T16:00:00+00:00,463.6700000000002,464.4100000000002,462.0900000000002,463.5700000000002,3701
2026-08-20T16:30:00+00:00,463.5700000000002,464.4100000000002,462.3900000000002,464.2000000000002,3139
2026-08-20T17:00:00+00:00,464.2000000000002,464.2200000000002,461.8500000000002,463.7800000000002,3051
2026-08-20T17:30:00+00:00,463.7800000000002,464.5000000000002,462.9400000000002,463.7200000000002,2774
2026-08-20T18:00:00+00:00,463.7200000000002,463.7200000000002,461.2200000000002,461.93000000000023,3319
2026-08-20T18:30:00+00:00,461.93000000000023,463.5700000000002,460.9800000000002,463.2500000000002,3165
2026-08-20T19:00:00+00:00,463.2500000000002,465.99000000000024,463.1000000000002,465.8600000000002,3491
2026-08-20T19:30:00+00:00,465.8600000000002,469.5000000000002,465.0300000000002,468.8900000000002,4882
2026-08-21T13:30:00+00:00,468.8900000000002,476.8200000000002,467.9500000000002,469.8800000000002,7123
2026-08-21T14:00:00+00:00,469.8800000000002,470.5500000000002,461.9000000000002,465.9000000000002,6562
2026-08-21T14:30:00+00:00,465.9000000000002,467.4600000000002,463.6600000000002,464.4100000000002,5041
2026-08-21T15:00:00+00:00,464.4100000000002,468.2100000000002,464.0000000000002,467.6500000000002,4171
2026-08-21T15:30:00+00:00,467.6500000000002,470.8600000000002,467.4600000000002,468.7500000000002,4272
2026-08-21T16:00:00+00:00,468.7500000000002,470.74000000000024,467.8800000000002,469.6600000000002,3721
2026-08-21T16:30:00+00:00,469.6600000000002,470.3900000000002,468.6600000000002,469.2700000000002,2714
2026-08-21T17:00:00+00:00,469.2700000000002,470.18000000000023,468.4100000000002,469.2300000000002,2730
2026-08-21T17:30:00+00:00,469.2300000000002,471.5800000000002,469.1100000000002,471.18000000000023,2447
2026-08-21T18:00:00+00:00,471.18000000000023,472.0700000000002,470.6500000000002,470.6500000000002,2899
2026-08-21T18:30:00+00:00,470.6500000000002,472.3400000000002,470.3500000000002,472.1500000000002,2204
2026-08-21T19:00:00+00:00,472.1500000000002,472.81000000000023,470.8900000000002,471.1100000000002,2784
2026-08-21T19:30:00+00:00,471.1100000000002,473.8500000000002,469.8500000000002,473.0300000000002,4551
2026-08-24T13:30:00+00:00,473.0300000000002,473.0300000000002,452.4000000000002,454.0000000000002,8889
2026-08-24T14:00:00+00:00,454.0000000000002,455.8600000000002,451.0000000000002,455.24000000000024,5418
2026-08-24T14:30:00+00:00,455.24000000000024,458.37000000000023,455.1000000000002,456.0700000000002,3954
2026-08-24T15:00:00+00:00,456.0700000000002,458.81000000000023,454.9800000000002,458.6100000000002,3752
2026-08-24T15:30:00+00:00,458.6100000000002,462.87000000000023,458.2700000000002,460.2700000000002,3998
2026-08-24T16:00:00+00:00,460.2700000000002,461.3000000000002,457.99000000000024,460.24000000000024,3666
2026-08-24T16:30:00+00:00,460.24000000000024,460.5900000000002,458.7300000000002,459.06000000000023,3271
2026-08-24T17:00:00+00:00,459.06000000000023,460.6000000000002,458.1000000000002,458.2300000000002,3563
2026-08-24T17:30:00+00:00,458.2300000000002,458.3600000000002,456.6000000000002,457.0700000000002,2992
2026-08-24T18:00:00+00:00,457.0700000000002,459.4400000000002,456.9100000000002,458.2100000000002,2862
2026-08-24T18:30:00+00:00,458.2100000000002,459.2500000000002,457.2500000000002,457.4500000000002,2948
2026-08-24T19:00:00+00:00,457.4500000000002,457.87000000000023,455.9100000000002,456.2300000000002,3343
2026-08-24T19:30:00+00:00,456.2300000000002,456.9800000000002,455.1000000000002,456.3400000000002,5322
2026-08-25T13:30:00+00:00,456.3400000000002,478.56000000000023,456.3400000000002,474.3600000000002,10212
2026-08-25T14:00:00+00:00,474.3600000000002,475.62000000000023,470.5300000000002,472.8500000000002,7126
2026-08-25T14:30:00+00:00,472.8500000000002,478.4600000000002,470.4200000000002,478.1700000000002,8321
2026-08-25T15:00:00+00:00,478.1700000000002,480.6500000000002,477.3300000000002,479.37000000000023,7508
2026-08-25T15:30:00+00:00,479.37000000000023,479.68000000000023,475.1100000000002,477.18000000000023,5606
2026-08-25T16:00:00+00:00,477.18000000000023,480.0800000000002,477.0400000000002,478.0100000000002,5211
2026-08-25T16:30:00+00:00,478.0100000000002,478.1700000000002,475.6500000000002,476.2900000000002,3790
2026-08-25T17:00:00+00:00,476.2900000000002,476.9600000000002,475.7100000000002,476.3400000000002,4303
2026-08-25T17:30:00+00:00,476.3400000000002,478.2900000000002,475.99000000000024,477.8300000000002,3942
2026-08-25T18:00:00+00:00,477.8300000000002,479.1100000000002,476.43000000000023,478.56000000000023,3847
2026-08-25T18:30:00+00:00,478.56000000000023,481.3400000000002,478.56000000000023,480.49000000000024,4176
2026-08-25T19:00:00+00:00,480.49000000000024,480.7600000000002,478.9700000000002,479.7900000000002,4664
2026-08-25T19:30:00+00:00,479.7900000000002,480.1400000000002,477.7700000000002,479.0100000000002,6227
2026-08-26T13:30:00+00:00,479.0100000000002,490.7700000000002,473.7300000000002,489.81000000000023,6014
2026-08-26T14:00:00+00:00,489.81000000000023,490.7300000000002,480.7900000000002,482.9700000000002,4083
2026-08-26T14:30:00+00:00,482.9700000000002,486.0900000000002,482.9500000000002,484.1500000000002,3086
2026-08-26T15:00:00+00:00,484.1500000000002,484.7200000000002,481.9400000000002,484.1300000000002,2443
2026-08-26T15:30:00+00:00,484.1300000000002,485.6700000000002,483.2600000000002,483.4800000000002,2341
2026-08-26T16:00:00+00:00,483.4800000000002,483.6900000000002,482.29000000000025,482.5700000000003,1846
2026-08-26T16:30:00+00:00,482.5700000000003,483.15000000000026,481.24000000000024,482.7000000000003,1756
2026-08-26T17:00:00+00:00,482.7000000000003,483.67000000000024,481.87000000000023,483.5000000000002,1620
2026-08-26T17:30:00+00:00,483.5000000000002,484.33000000000027,482.93000000000023,483.37000000000023,1633
2026-08-26T18:00:00+00:00,483.37000000000023,483.48000000000025,480.79000000000025,480.84000000000026,941
2026-08-26T18:30:00+00:00,480.84000000000026,482.91000000000025,480.83000000000027,482.04000000000025,1107
2026-08-26T19:00:00+00:00,482.04000000000025,484.37000000000023,481.9600000000002,482.5700000000002,2304
2026-08-26T19:30:00+00:00,482.5700000000002,482.6900000000002,479.17000000000024,481.3900000000002,3431
2026-08-27T13:30:00+00:00,481.3900000000002,482.3200000000002,472.36000000000024,473.7600000000002,7244
2026-08-27T14:00:00+00:00,473.7600000000002,478.99000000000024,473.42000000000024,478.65000000000026,4749
2026-08-27T14:30:00+00:00,478.65000000000026,479.16000000000025,474.10000000000025,477.0200000000002,3167
2026-08-27T15:00:00+00:00,477.0200000000002,479.80000000000024,474.9600000000002,475.0700000000002,2319
2026-08-27T15:30:00+00:00,475.0700000000002,475.73000000000025,471.5300000000002,474.10000000000025,2762
2026-08-27T16:00:00+00:00,474.10000000000025,475.3900000000002,470.8600000000002,471.8900000000002,2291
2026-08-27T16:30:00+00:00,471.8900000000002,474.43000000000023,471.81000000000023,473.9500000000002,1618
2026-08-27T17:00:00+00:00,473.9500000000002,476.0100000000002,473.6600000000002,474.2600000000002,1440
2026-08-27T17:30:00+00:00,474.2600000000002,474.87000000000023,472.3500000000002,472.68000000000023,1690
2026-08-27T18:00:00+00:00,472.68000000000023,473.0400000000002,469.4500000000002,470.1100000000002,2273
2026-08-27T18:30:00+00:00,470.1100000000002,471.7600000000002,470.0800000000002,471.1900000000002,2105
2026-08-27T19:00:00+00:00,471.1900000000002,472.9400000000002,469.93000000000023,472.2500000000002,2139
2026-08-27T19:30:00+00:00,472.2500000000002,476.8000000000002,471.93000000000023,476.56000000000023,2827
2026-08-28T13:30:00+00:00,476.56000000000023,476.56000000000023,469.5100000000002,474.1500000000002,5402
2026-08-28T14:00:00+00:00,474.1500000000002,476.56000000000023,470.7600000000002,475.31000000000023,5549
2026-08-28T14:30:00+00:00,475.31000000000023,478.3600000000002,474.4700000000002,477.9200000000002,2995
2026-08-28T15:00:00+00:00,477.9200000000002,478.5700000000002,473.5900000000002,474.7900000000002,2947
2026-08-28T15:30:00+00:00,474.7900000000002,474.8500000000002,466.9800000000002,467.3900000000002,3682
2026-08-28T16:00:00+00:00,467.3900000000002,469.4600000000002,465.2100000000002,468.5300000000002,4500
2026-08-28T16:30:00+00:00,468.5300000000002,472.0300000000002,466.74000000000024,471.4200000000002,3188
2026-08-28T17:00:00+00:00,471.4200000000002,471.8400000000002,468.8900000000002,470.56000000000023,2907
2026-08-28T17:30:00+00:00,470.56000000000023,473.2200000000002,470.3800000000002,471.2500000000002,2054
2026-08-28T18:00:00+00:00,471.2500000000002,471.62000000000023,469.3600000000002,469.3600000000002,2083
2026-08-28T18:30:00+00:00,469.3600000000002,470.3500000000002,468.3500000000002,468.6700000000002,2051
2026-08-28T19:00:00+00:00,468.6700000000002,469.7600000000002,467.3600000000002,469.6100000000002,2410
2026-08-28T19:30:00+00:00,469.6100000000002,470.0900000000002,465.1000000000002,465.5000000000002,4216
2026-08-31T13:30:00+00:00,465.5000000000002,475.1400000000002,463.5300000000002,470.68000000000023,5064
2026-08-31T14:00:00+00:00,470.68000000000023,473.6300000000002,467.5100000000002,467.62000000000023,3481
2026-08-31T14:30:00+00:00,467.62000000000023,469.7900000000002,467.0700000000002,468.2800000000002,2162
2026-08-31T15:00:00+00:00,468.2800000000002,469.18000000000023,465.99000000000024,467.2100000000002,2279
2026-08-31T15:30:00+00:00,467.2100000000002,467.4800000000002,465.37000000000023,465.6300000000002,1973
2026-08-31T16:00:00+00:00,465.6300000000002,467.5700000000002,465.0400000000002,467.5700000000002,1895
2026-08-31T16:30:00+00:00,467.5700000000002,469.1100000000002,466.9800000000002,469.0100000000002,1536
2026-08-31T17:00:00+00:00,469.0100000000002,469.3400000000002,467.3900000000002,467.5400000000002,1305
2026-08-31T17:30:00+00:00,467.5400000000002,468.93000000000023,466.74000000000024,468.2700000000002,1232
2026-08-31T18:00:00+00:00,468.2700000000002,469.4500000000002,468.1700000000002,468.5400000000002,1332
2026-08-31T18:30:00+00:00,468.5400000000002,468.7700000000002,466.6400000000002,467.1700000000002,1410
2026-08-31T19:00:00+00:00,467.1700000000002,468.9100000000002,466.93000000000023,468.2000000000002,1367
2026-08-31T19:30:00+00:00,468.2000000000002,471.5000000000002,468.0200000000002,469.9000000000002,3222
2026-09-01T13:30:00+00:00,469.9000000000002,469.9000000000002,452.93000000000023,458.2500000000002,4352
2026-09-01T14:00:00+00:00,458.2500000000002,458.9800000000002,452.1600000000002,452.4100000000002,3555
2026-09-01T14:30:00+00:00,452.4100000000002,457.9000000000002,452.3300000000002,456.93000000000023,2753
2026-09-01T15:00:00+00:00,456.93000000000023,458.6700000000002,456.3500000000002,458.5400000000002,2248
2026-09-01T15:30:00+00:00,458.5400000000002,461.2900000000002,457.9000000000002,459.7600000000002,2095
2026-09-01T16:00:00+00:00,459.7600000000002,460.0200000000002,455.8500000000002,456.5100000000002,2011
2026-09-01T16:30:00+00:00,456.5100000000002,458.9700000000002,454.9000000000002,458.56000000000023,2068
2026-09-01T17:00:00+00:00,458.56000000000023,458.6700000000002,455.49000000000024,456.56000000000023,1765
2026-09-01T17:30:00+00:00,456.56000000000023,457.1700000000002,454.8800000000002,455.43000000000023,1564
2026-09-01T18:00:00+00:00,455.43000000000023,456.0000000000002,454.2200000000002,454.7300000000002,1743
2026-09-01T18:30:00+00:00,454.7300000000002,456.3200000000002,453.62000000000023,456.18000000000023,1915
2026-09-01T19:00:00+00:00,456.18000000000023,460.12000000000023,455.8900000000002,460.0500000000002,2326
2026-09-01T19:30:00+00:00,460.0500000000002,460.2900000000002,457.18000000000023,459.56000000000023,3538
